CREATE TABLE IF NOT EXISTS "__EFMigrationsHistory" (
    "MigrationId" character varying(150) NOT NULL,
    "ProductVersion" character varying(32) NOT NULL,
    CONSTRAINT "PK___EFMigrationsHistory" PRIMARY KEY ("MigrationId")
);

START TRANSACTION;

DO $EF$
BEGIN
    IF NOT EXISTS(SELECT 1 FROM "__EFMigrationsHistory" WHERE "MigrationId" = '20260604173003_InitialCreate') THEN
    CREATE TABLE "ActionCatalogs" (
        "ActionId" character varying(50) NOT NULL,
        "TargetCompetency" character varying(50) NOT NULL,
        "ActionCategory" character varying(50) NOT NULL,
        "ActionType" character varying(50) NOT NULL,
        "Difficulty" character varying(20) NOT NULL,
        "EstimatedEffortHours" integer NOT NULL,
        "MinScore" numeric(3,2) NOT NULL,
        "MaxScore" numeric(3,2) NOT NULL,
        "ContentData" jsonb NOT NULL,
        "IsActive" boolean NOT NULL,
        "CreatedAt" timestamp with time zone NOT NULL,
        "UpdatedAt" timestamp with time zone,
        "IsDeleted" boolean NOT NULL,
        CONSTRAINT "PK_ActionCatalogs" PRIMARY KEY ("ActionId"),
        CONSTRAINT "CK_ActionCatalogs_EffortHours" CHECK ("EstimatedEffortHours" >= 0),
        CONSTRAINT "CK_ActionCatalogs_ScoreRange" CHECK ("MinScore" <= "MaxScore")
    );
    END IF;
END $EF$;

DO $EF$
BEGIN
    IF NOT EXISTS(SELECT 1 FROM "__EFMigrationsHistory" WHERE "MigrationId" = '20260604173003_InitialCreate') THEN
    CREATE TABLE "AssessmentCycles" (
        "Id" integer GENERATED BY DEFAULT AS IDENTITY,
        "Name" character varying(150) NOT NULL,
        "StartDate" date NOT NULL,
        "EndDate" date NOT NULL,
        "Status" character varying(50) NOT NULL,
        "CreatedAt" timestamp with time zone NOT NULL,
        "UpdatedAt" timestamp with time zone,
        "IsDeleted" boolean NOT NULL,
        CONSTRAINT "PK_AssessmentCycles" PRIMARY KEY ("Id")
    );
    END IF;
END $EF$;

DO $EF$
BEGIN
    IF NOT EXISTS(SELECT 1 FROM "__EFMigrationsHistory" WHERE "MigrationId" = '20260604173003_InitialCreate') THEN
    CREATE TABLE "Competencies" (
        "Id" integer GENERATED BY DEFAULT AS IDENTITY,
        "Code" character varying(100) NOT NULL,
        "Name" character varying(150) NOT NULL,
        "Category" character varying(50) NOT NULL,
        "Description" text,
        "IsActive" boolean NOT NULL,
        "CreatedAt" timestamp with time zone NOT NULL,
        "UpdatedAt" timestamp with time zone,
        "IsDeleted" boolean NOT NULL,
        CONSTRAINT "PK_Competencies" PRIMARY KEY ("Id")
    );
    END IF;
END $EF$;

DO $EF$
BEGIN
    IF NOT EXISTS(SELECT 1 FROM "__EFMigrationsHistory" WHERE "MigrationId" = '20260604173003_InitialCreate') THEN
    CREATE TABLE "Departments" (
        "Id" integer GENERATED BY DEFAULT AS IDENTITY,
        "Name" character varying(100) NOT NULL,
        "Code" character varying(50) NOT NULL,
        "Description" text,
        "CreatedAt" timestamp with time zone NOT NULL,
        "UpdatedAt" timestamp with time zone,
        "IsDeleted" boolean NOT NULL,
        CONSTRAINT "PK_Departments" PRIMARY KEY ("Id")
    );
    END IF;
END $EF$;

DO $EF$
BEGIN
    IF NOT EXISTS(SELECT 1 FROM "__EFMigrationsHistory" WHERE "MigrationId" = '20260604173003_InitialCreate') THEN
    CREATE TABLE "ModelVersions" (
        "Id" integer GENERATED BY DEFAULT AS IDENTITY,
        "ModelName" character varying(100) NOT NULL,
        "Version" character varying(100) NOT NULL,
        "Description" text,
        "MicroF1" double precision,
        "MacroF1" double precision,
        "RocAuc" double precision,
        "HammingLoss" double precision,
        "IsActive" boolean NOT NULL,
        "CreatedAt" timestamp with time zone NOT NULL,
        "UpdatedAt" timestamp with time zone,
        "IsDeleted" boolean NOT NULL,
        CONSTRAINT "PK_ModelVersions" PRIMARY KEY ("Id")
    );
    END IF;
END $EF$;

DO $EF$
BEGIN
    IF NOT EXISTS(SELECT 1 FROM "__EFMigrationsHistory" WHERE "MigrationId" = '20260604173003_InitialCreate') THEN
    CREATE TABLE "Roles" (
        "Id" integer GENERATED BY DEFAULT AS IDENTITY,
        "Name" character varying(50) NOT NULL,
        "Description" text,
        "CreatedAt" timestamp with time zone NOT NULL,
        "UpdatedAt" timestamp with time zone,
        "IsDeleted" boolean NOT NULL,
        CONSTRAINT "PK_Roles" PRIMARY KEY ("Id")
    );
    END IF;
END $EF$;

DO $EF$
BEGIN
    IF NOT EXISTS(SELECT 1 FROM "__EFMigrationsHistory" WHERE "MigrationId" = '20260604173003_InitialCreate') THEN
    CREATE TABLE "JobRoles" (
        "Id" integer GENERATED BY DEFAULT AS IDENTITY,
        "Name" character varying(100) NOT NULL,
        "DepartmentId" integer,
        "Description" text,
        "CreatedAt" timestamp with time zone NOT NULL,
        "UpdatedAt" timestamp with time zone,
        "IsDeleted" boolean NOT NULL,
        CONSTRAINT "PK_JobRoles" PRIMARY KEY ("Id"),
        CONSTRAINT "FK_JobRoles_Departments_DepartmentId" FOREIGN KEY ("DepartmentId") REFERENCES "Departments" ("Id") ON DELETE RESTRICT
    );
    END IF;
END $EF$;

DO $EF$
BEGIN
    IF NOT EXISTS(SELECT 1 FROM "__EFMigrationsHistory" WHERE "MigrationId" = '20260604173003_InitialCreate') THEN
    CREATE TABLE "Employees" (
        "Id" integer GENERATED BY DEFAULT AS IDENTITY,
        "EmployeeCode" character varying(50) NOT NULL,
        "FullName" character varying(150) NOT NULL,
        "Email" character varying(150) NOT NULL,
        "Age" integer NOT NULL,
        "Gender" character varying(30) NOT NULL,
        "DepartmentId" integer NOT NULL,
        "JobRoleId" integer NOT NULL,
        "ManagerId" integer,
        "Education" character varying(50) NOT NULL,
        "EducationField" character varying(100) NOT NULL,
        "BusinessTravel" character varying(100) NOT NULL,
        "MaritalStatus" character varying(50) NOT NULL,
        "DistanceFromHome" integer NOT NULL,
        "EnvironmentSatisfaction" integer NOT NULL,
        "JobSatisfaction" integer NOT NULL,
        "WorkLifeBalance" integer NOT NULL,
        "TotalWorkingYears" integer NOT NULL,
        "YearsAtCompany" integer NOT NULL,
        "YearsInCurrentRole" integer NOT NULL,
        "YearsWithCurrManager" integer NOT NULL,
        "PerformanceScore" double precision NOT NULL,
        "Attrition" character varying(10) NOT NULL,
        "IsActive" boolean NOT NULL,
        "CreatedAt" timestamp with time zone NOT NULL,
        "UpdatedAt" timestamp with time zone,
        "IsDeleted" boolean NOT NULL,
        CONSTRAINT "PK_Employees" PRIMARY KEY ("Id"),
        CONSTRAINT "CK_Employees_Age" CHECK ("Age" > 0),
        CONSTRAINT "FK_Employees_Departments_DepartmentId" FOREIGN KEY ("DepartmentId") REFERENCES "Departments" ("Id") ON DELETE RESTRICT,
        CONSTRAINT "FK_Employees_Employees_ManagerId" FOREIGN KEY ("ManagerId") REFERENCES "Employees" ("Id") ON DELETE RESTRICT,
        CONSTRAINT "FK_Employees_JobRoles_JobRoleId" FOREIGN KEY ("JobRoleId") REFERENCES "JobRoles" ("Id") ON DELETE RESTRICT
    );
    END IF;
END $EF$;

DO $EF$
BEGIN
    IF NOT EXISTS(SELECT 1 FROM "__EFMigrationsHistory" WHERE "MigrationId" = '20260604173003_InitialCreate') THEN
    CREATE TABLE "Users" (
        "Id" integer GENERATED BY DEFAULT AS IDENTITY,
        "FullName" character varying(150) NOT NULL,
        "Email" character varying(150) NOT NULL,
        "PasswordHash" text NOT NULL,
        "RoleId" integer NOT NULL,
        "EmployeeId" integer,
        "IsActive" boolean NOT NULL,
        "CreatedAt" timestamp with time zone NOT NULL,
        "UpdatedAt" timestamp with time zone,
        "IsDeleted" boolean NOT NULL,
        CONSTRAINT "PK_Users" PRIMARY KEY ("Id"),
        CONSTRAINT "FK_Users_Employees_EmployeeId" FOREIGN KEY ("EmployeeId") REFERENCES "Employees" ("Id") ON DELETE RESTRICT,
        CONSTRAINT "FK_Users_Roles_RoleId" FOREIGN KEY ("RoleId") REFERENCES "Roles" ("Id") ON DELETE RESTRICT
    );
    END IF;
END $EF$;

DO $EF$
BEGIN
    IF NOT EXISTS(SELECT 1 FROM "__EFMigrationsHistory" WHERE "MigrationId" = '20260604173003_InitialCreate') THEN
    CREATE TABLE "Assessments" (
        "Id" integer GENERATED BY DEFAULT AS IDENTITY,
        "EmployeeId" integer NOT NULL,
        "CycleId" integer NOT NULL,
        "OverallScore" double precision,
        "Status" character varying(50) NOT NULL,
        "CreatedByUserId" integer NOT NULL,
        "CreatedAt" timestamp with time zone NOT NULL,
        "UpdatedAt" timestamp with time zone,
        "IsDeleted" boolean NOT NULL,
        CONSTRAINT "PK_Assessments" PRIMARY KEY ("Id"),
        CONSTRAINT "FK_Assessments_AssessmentCycles_CycleId" FOREIGN KEY ("CycleId") REFERENCES "AssessmentCycles" ("Id") ON DELETE RESTRICT,
        CONSTRAINT "FK_Assessments_Employees_EmployeeId" FOREIGN KEY ("EmployeeId") REFERENCES "Employees" ("Id") ON DELETE RESTRICT,
        CONSTRAINT "FK_Assessments_Users_CreatedByUserId" FOREIGN KEY ("CreatedByUserId") REFERENCES "Users" ("Id") ON DELETE RESTRICT
    );
    END IF;
END $EF$;

DO $EF$
BEGIN
    IF NOT EXISTS(SELECT 1 FROM "__EFMigrationsHistory" WHERE "MigrationId" = '20260604173003_InitialCreate') THEN
    CREATE TABLE "RefreshTokens" (
        "Id" integer GENERATED BY DEFAULT AS IDENTITY,
        "UserId" integer NOT NULL,
        "TokenHash" text NOT NULL,
        "ExpiresAt" timestamp with time zone NOT NULL,
        "IsRevoked" boolean NOT NULL,
        "CreatedAt" timestamp with time zone NOT NULL,
        "RevokedAt" timestamp with time zone,
        "ReplacedByTokenHash" text,
        CONSTRAINT "PK_RefreshTokens" PRIMARY KEY ("Id"),
        CONSTRAINT "FK_RefreshTokens_Users_UserId" FOREIGN KEY ("UserId") REFERENCES "Users" ("Id") ON DELETE RESTRICT
    );
    END IF;
END $EF$;

DO $EF$
BEGIN
    IF NOT EXISTS(SELECT 1 FROM "__EFMigrationsHistory" WHERE "MigrationId" = '20260604173003_InitialCreate') THEN
    CREATE TABLE "ActionPlans" (
        "Id" integer GENERATED BY DEFAULT AS IDENTITY,
        "AssessmentId" integer NOT NULL,
        "EmployeeId" integer NOT NULL,
        "CreatedByUserId" integer NOT NULL,
        "Status" character varying(50) NOT NULL,
        "ApprovedAt" timestamp with time zone,
        "SentAt" timestamp with time zone,
        "CreatedAt" timestamp with time zone NOT NULL,
        "UpdatedAt" timestamp with time zone,
        "IsDeleted" boolean NOT NULL,
        CONSTRAINT "PK_ActionPlans" PRIMARY KEY ("Id"),
        CONSTRAINT "FK_ActionPlans_Assessments_AssessmentId" FOREIGN KEY ("AssessmentId") REFERENCES "Assessments" ("Id") ON DELETE RESTRICT,
        CONSTRAINT "FK_ActionPlans_Employees_EmployeeId" FOREIGN KEY ("EmployeeId") REFERENCES "Employees" ("Id") ON DELETE RESTRICT,
        CONSTRAINT "FK_ActionPlans_Users_CreatedByUserId" FOREIGN KEY ("CreatedByUserId") REFERENCES "Users" ("Id") ON DELETE RESTRICT
    );
    END IF;
END $EF$;

DO $EF$
BEGIN
    IF NOT EXISTS(SELECT 1 FROM "__EFMigrationsHistory" WHERE "MigrationId" = '20260604173003_InitialCreate') THEN
    CREATE TABLE "AiPredictionRuns" (
        "Id" integer GENERATED BY DEFAULT AS IDENTITY,
        "AssessmentId" integer NOT NULL,
        "ModelVersionId" integer NOT NULL,
        "RequestedByUserId" integer NOT NULL,
        "Status" character varying(50) NOT NULL,
        "ErrorMessage" text,
        "CreatedAt" timestamp with time zone NOT NULL,
        "UpdatedAt" timestamp with time zone,
        "IsDeleted" boolean NOT NULL,
        CONSTRAINT "PK_AiPredictionRuns" PRIMARY KEY ("Id"),
        CONSTRAINT "FK_AiPredictionRuns_Assessments_AssessmentId" FOREIGN KEY ("AssessmentId") REFERENCES "Assessments" ("Id") ON DELETE RESTRICT,
        CONSTRAINT "FK_AiPredictionRuns_ModelVersions_ModelVersionId" FOREIGN KEY ("ModelVersionId") REFERENCES "ModelVersions" ("Id") ON DELETE RESTRICT,
        CONSTRAINT "FK_AiPredictionRuns_Users_RequestedByUserId" FOREIGN KEY ("RequestedByUserId") REFERENCES "Users" ("Id") ON DELETE RESTRICT
    );
    END IF;
END $EF$;

DO $EF$
BEGIN
    IF NOT EXISTS(SELECT 1 FROM "__EFMigrationsHistory" WHERE "MigrationId" = '20260604173003_InitialCreate') THEN
    CREATE TABLE "AssessmentScores" (
        "Id" integer GENERATED BY DEFAULT AS IDENTITY,
        "AssessmentId" integer NOT NULL,
        "CompetencyId" integer NOT NULL,
        "EvaluatorType" character varying(50) NOT NULL,
        "Score" double precision NOT NULL,
        "CreatedAt" timestamp with time zone NOT NULL,
        "UpdatedAt" timestamp with time zone,
        "IsDeleted" boolean NOT NULL,
        CONSTRAINT "PK_AssessmentScores" PRIMARY KEY ("Id"),
        CONSTRAINT "CK_AssessmentScores_Score" CHECK ("Score" >= 0 AND "Score" <= 5),
        CONSTRAINT "FK_AssessmentScores_Assessments_AssessmentId" FOREIGN KEY ("AssessmentId") REFERENCES "Assessments" ("Id") ON DELETE RESTRICT,
        CONSTRAINT "FK_AssessmentScores_Competencies_CompetencyId" FOREIGN KEY ("CompetencyId") REFERENCES "Competencies" ("Id") ON DELETE RESTRICT
    );
    END IF;
END $EF$;

DO $EF$
BEGIN
    IF NOT EXISTS(SELECT 1 FROM "__EFMigrationsHistory" WHERE "MigrationId" = '20260604173003_InitialCreate') THEN
    CREATE TABLE "FeedbackComments" (
        "Id" integer GENERATED BY DEFAULT AS IDENTITY,
        "AssessmentId" integer NOT NULL,
        "EvaluatorType" character varying(50) NOT NULL,
        "CommentText" text NOT NULL,
        "SentimentScore" double precision,
        "CreatedAt" timestamp with time zone NOT NULL,
        "UpdatedAt" timestamp with time zone,
        "IsDeleted" boolean NOT NULL,
        CONSTRAINT "PK_FeedbackComments" PRIMARY KEY ("Id"),
        CONSTRAINT "FK_FeedbackComments_Assessments_AssessmentId" FOREIGN KEY ("AssessmentId") REFERENCES "Assessments" ("Id") ON DELETE RESTRICT
    );
    END IF;
END $EF$;

DO $EF$
BEGIN
    IF NOT EXISTS(SELECT 1 FROM "__EFMigrationsHistory" WHERE "MigrationId" = '20260604173003_InitialCreate') THEN
    CREATE TABLE "AiPredictedActions" (
        "Id" integer GENERATED BY DEFAULT AS IDENTITY,
        "PredictionRunId" integer NOT NULL,
        "ActionCode" character varying(50) NOT NULL,
        "Probability" double precision NOT NULL,
        "RankOrder" integer NOT NULL,
        "IsSelected" boolean NOT NULL,
        "CreatedAt" timestamp with time zone NOT NULL,
        "UpdatedAt" timestamp with time zone,
        "IsDeleted" boolean NOT NULL,
        CONSTRAINT "PK_AiPredictedActions" PRIMARY KEY ("Id"),
        CONSTRAINT "CK_AiPredictedActions_Probability" CHECK ("Probability" >= 0 AND "Probability" <= 1),
        CONSTRAINT "FK_AiPredictedActions_AiPredictionRuns_PredictionRunId" FOREIGN KEY ("PredictionRunId") REFERENCES "AiPredictionRuns" ("Id") ON DELETE RESTRICT
    );
    END IF;
END $EF$;

DO $EF$
BEGIN
    IF NOT EXISTS(SELECT 1 FROM "__EFMigrationsHistory" WHERE "MigrationId" = '20260604173003_InitialCreate') THEN
    CREATE TABLE "ActionPlanItems" (
        "Id" integer GENERATED BY DEFAULT AS IDENTITY,
        "ActionPlanId" integer NOT NULL,
        "ActionCatalogId" character varying(50),
        "AiPredictedActionId" integer,
        "Title" text NOT NULL,
        "Description" text NOT NULL,
        "Resource" text,
        "DeliveryType" character varying(100),
        "Priority" character varying(50) NOT NULL,
        "DueDate" timestamp with time zone,
        "Source" character varying(50) NOT NULL,
        "OrderNo" integer NOT NULL,
        "CreatedAt" timestamp with time zone NOT NULL,
        "UpdatedAt" timestamp with time zone,
        "IsDeleted" boolean NOT NULL,
        CONSTRAINT "PK_ActionPlanItems" PRIMARY KEY ("Id"),
        CONSTRAINT "FK_ActionPlanItems_ActionCatalogs_ActionCatalogId" FOREIGN KEY ("ActionCatalogId") REFERENCES "ActionCatalogs" ("ActionId") ON DELETE RESTRICT,
        CONSTRAINT "FK_ActionPlanItems_ActionPlans_ActionPlanId" FOREIGN KEY ("ActionPlanId") REFERENCES "ActionPlans" ("Id") ON DELETE RESTRICT,
        CONSTRAINT "FK_ActionPlanItems_AiPredictedActions_AiPredictedActionId" FOREIGN KEY ("AiPredictedActionId") REFERENCES "AiPredictedActions" ("Id") ON DELETE RESTRICT
    );
    END IF;
END $EF$;

DO $EF$
BEGIN
    IF NOT EXISTS(SELECT 1 FROM "__EFMigrationsHistory" WHERE "MigrationId" = '20260604173003_InitialCreate') THEN
    CREATE TABLE "EmployeeTasks" (
        "Id" integer GENERATED BY DEFAULT AS IDENTITY,
        "ActionPlanItemId" integer NOT NULL,
        "EmployeeId" integer NOT NULL,
        "AssignedByUserId" integer NOT NULL,
        "Status" character varying(50) NOT NULL,
        "AssignedAt" timestamp with time zone NOT NULL,
        "DueDate" timestamp with time zone,
        "CompletedAt" timestamp with time zone,
        "CreatedAt" timestamp with time zone NOT NULL,
        "UpdatedAt" timestamp with time zone,
        "IsDeleted" boolean NOT NULL,
        CONSTRAINT "PK_EmployeeTasks" PRIMARY KEY ("Id"),
        CONSTRAINT "FK_EmployeeTasks_ActionPlanItems_ActionPlanItemId" FOREIGN KEY ("ActionPlanItemId") REFERENCES "ActionPlanItems" ("Id") ON DELETE RESTRICT,
        CONSTRAINT "FK_EmployeeTasks_Employees_EmployeeId" FOREIGN KEY ("EmployeeId") REFERENCES "Employees" ("Id") ON DELETE RESTRICT,
        CONSTRAINT "FK_EmployeeTasks_Users_AssignedByUserId" FOREIGN KEY ("AssignedByUserId") REFERENCES "Users" ("Id") ON DELETE RESTRICT
    );
    END IF;
END $EF$;

DO $EF$
BEGIN
    IF NOT EXISTS(SELECT 1 FROM "__EFMigrationsHistory" WHERE "MigrationId" = '20260604173003_InitialCreate') THEN
    CREATE TABLE "TaskComments" (
        "Id" integer GENERATED BY DEFAULT AS IDENTITY,
        "TaskId" integer NOT NULL,
        "UserId" integer NOT NULL,
        "CommentText" text NOT NULL,
        "CreatedAt" timestamp with time zone NOT NULL,
        "UpdatedAt" timestamp with time zone,
        "IsDeleted" boolean NOT NULL,
        CONSTRAINT "PK_TaskComments" PRIMARY KEY ("Id"),
        CONSTRAINT "FK_TaskComments_EmployeeTasks_TaskId" FOREIGN KEY ("TaskId") REFERENCES "EmployeeTasks" ("Id") ON DELETE RESTRICT,
        CONSTRAINT "FK_TaskComments_Users_UserId" FOREIGN KEY ("UserId") REFERENCES "Users" ("Id") ON DELETE RESTRICT
    );
    END IF;
END $EF$;

DO $EF$
BEGIN
    IF NOT EXISTS(SELECT 1 FROM "__EFMigrationsHistory" WHERE "MigrationId" = '20260604173003_InitialCreate') THEN
    INSERT INTO "ActionCatalogs" ("ActionId", "ActionCategory", "ActionType", "ContentData", "CreatedAt", "Difficulty", "EstimatedEffortHours", "IsActive", "IsDeleted", "MaxScore", "MinScore", "TargetCompetency", "UpdatedAt")
    VALUES ('CORE_ACCT_01', 'Core', 'Behavioral Practice', '{"title": "Responsibility Ownership", "resource": "https://www.coursera.org/learn/accountability", "description": "İşlerin sahiplenilmesi ve çözüm üretme.", "delivery_type": "Guided Practice"}', TIMESTAMPTZ '2025-01-01T00:00:00Z', 'High', 24, TRUE, FALSE, 1.7, 1.0, 'Core_Accountability', NULL);
    INSERT INTO "ActionCatalogs" ("ActionId", "ActionCategory", "ActionType", "ContentData", "CreatedAt", "Difficulty", "EstimatedEffortHours", "IsActive", "IsDeleted", "MaxScore", "MinScore", "TargetCompetency", "UpdatedAt")
    VALUES ('CORE_ACCT_02', 'Core', 'Scenario Based Learning', '{"title": "Handling Mistakes", "resource": "https://www.udemy.com/course/extreme-ownership/", "description": "Hata durumlarında sorumluluk alma vakaları.", "delivery_type": "Workshop"}', TIMESTAMPTZ '2025-01-01T00:00:00Z', 'Medium-High', 16, TRUE, FALSE, 2.5, 1.8, 'Core_Accountability', NULL);
    INSERT INTO "ActionCatalogs" ("ActionId", "ActionCategory", "ActionType", "ContentData", "CreatedAt", "Difficulty", "EstimatedEffortHours", "IsActive", "IsDeleted", "MaxScore", "MinScore", "TargetCompetency", "UpdatedAt")
    VALUES ('CORE_ACCT_03', 'Core', 'Micro Learning', '{"title": "Commitment Tracking Habits", "resource": "https://www.youtube.com/watch?v=T_lCsqXhYhM", "description": "Verilen sözleri takip etme alışkanlıkları.", "delivery_type": "Digital Module"}', TIMESTAMPTZ '2025-01-01T00:00:00Z', 'Medium', 8, TRUE, FALSE, 3.2, 2.6, 'Core_Accountability', NULL);
    INSERT INTO "ActionCatalogs" ("ActionId", "ActionCategory", "ActionType", "ContentData", "CreatedAt", "Difficulty", "EstimatedEffortHours", "IsActive", "IsDeleted", "MaxScore", "MinScore", "TargetCompetency", "UpdatedAt")
    VALUES ('CORE_ACCT_04', 'Core', 'Reflection', '{"title": "Accountability Self Review", "resource": "https://hbr.org/2020/11/how-to-hold-yourself-accountable", "description": "Sahiplenme düzeyinin analizi.", "delivery_type": "Self Reflection"}', TIMESTAMPTZ '2025-01-01T00:00:00Z', 'Low', 4, TRUE, FALSE, 4.0, 3.3, 'Core_Accountability', NULL);
    INSERT INTO "ActionCatalogs" ("ActionId", "ActionCategory", "ActionType", "ContentData", "CreatedAt", "Difficulty", "EstimatedEffortHours", "IsActive", "IsDeleted", "MaxScore", "MinScore", "TargetCompetency", "UpdatedAt")
    VALUES ('CORE_ADAPT_01', 'Core', 'Behavioral Practice', '{"title": "Change Readiness Foundations", "resource": "https://www.coursera.org/learn/change-management", "description": "Yeni durumlara uyum sağlama egzersizleri.", "delivery_type": "Guided Practice"}', TIMESTAMPTZ '2025-01-01T00:00:00Z', 'High', 24, TRUE, FALSE, 1.7, 1.0, 'Core_Adaptability', NULL);
    INSERT INTO "ActionCatalogs" ("ActionId", "ActionCategory", "ActionType", "ContentData", "CreatedAt", "Difficulty", "EstimatedEffortHours", "IsActive", "IsDeleted", "MaxScore", "MinScore", "TargetCompetency", "UpdatedAt")
    VALUES ('CORE_ADAPT_02', 'Core', 'Scenario Based Learning', '{"title": "Responding to Change Scenarios", "resource": "https://www.udemy.com/course/adaptability-in-the-workplace/", "description": "Beklenmeyen durumlarda hızlı uyum senaryoları.", "delivery_type": "Workshop"}', TIMESTAMPTZ '2025-01-01T00:00:00Z', 'Medium-High', 16, TRUE, FALSE, 2.5, 1.8, 'Core_Adaptability', NULL);
    INSERT INTO "ActionCatalogs" ("ActionId", "ActionCategory", "ActionType", "ContentData", "CreatedAt", "Difficulty", "EstimatedEffortHours", "IsActive", "IsDeleted", "MaxScore", "MinScore", "TargetCompetency", "UpdatedAt")
    VALUES ('CORE_ADAPT_03', 'Core', 'Micro Learning', '{"title": "Flexibility & Adjustment Skills", "resource": "https://www.youtube.com/watch?v=xZ_vJzY2T0w", "description": "Yaklaşım değiştirme becerilerini destekleyen içerikler.", "delivery_type": "Digital Module"}', TIMESTAMPTZ '2025-01-01T00:00:00Z', 'Medium', 8, TRUE, FALSE, 3.2, 2.6, 'Core_Adaptability', NULL);
    INSERT INTO "ActionCatalogs" ("ActionId", "ActionCategory", "ActionType", "ContentData", "CreatedAt", "Difficulty", "EstimatedEffortHours", "IsActive", "IsDeleted", "MaxScore", "MinScore", "TargetCompetency", "UpdatedAt")
    VALUES ('CORE_ADAPT_04', 'Core', 'Reflection', '{"title": "Adaptability Self Assessment", "resource": "https://medium.com/adaptability-self-assessment", "description": "Değişimlere verilen tepkilerin öz analizi.", "delivery_type": "Self Reflection"}', TIMESTAMPTZ '2025-01-01T00:00:00Z', 'Low', 4, TRUE, FALSE, 4.0, 3.3, 'Core_Adaptability', NULL);
    INSERT INTO "ActionCatalogs" ("ActionId", "ActionCategory", "ActionType", "ContentData", "CreatedAt", "Difficulty", "EstimatedEffortHours", "IsActive", "IsDeleted", "MaxScore", "MinScore", "TargetCompetency", "UpdatedAt")
    VALUES ('CORE_COMM_01', 'Core', 'Behavioral Practice', '{"title": "Structured Communication Fundamentals", "resource": "https://www.coursera.org/learn/effective-communication-specialization", "description": "Mesaj netliği ve amaç belirleme üzerine haftalık pratikler.", "delivery_type": "Self-guided + Practice"}', TIMESTAMPTZ '2025-01-01T00:00:00Z', 'High', 24, TRUE, FALSE, 1.7, 1.0, 'Core_Communication', NULL);
    INSERT INTO "ActionCatalogs" ("ActionId", "ActionCategory", "ActionType", "ContentData", "CreatedAt", "Difficulty", "EstimatedEffortHours", "IsActive", "IsDeleted", "MaxScore", "MinScore", "TargetCompetency", "UpdatedAt")
    VALUES ('CORE_COMM_02', 'Core', 'Guided Exercise', '{"title": "Effective Feedback Application", "resource": "https://www.udemy.com/course/giving-and-receiving-feedback-at-work/", "description": "Açık ifade ve duygu yönetimi üzerine egzersizler.", "delivery_type": "Workshop"}', TIMESTAMPTZ '2025-01-01T00:00:00Z', 'Medium-High', 16, TRUE, FALSE, 2.5, 1.8, 'Core_Communication', NULL);
    INSERT INTO "ActionCatalogs" ("ActionId", "ActionCategory", "ActionType", "ContentData", "CreatedAt", "Difficulty", "EstimatedEffortHours", "IsActive", "IsDeleted", "MaxScore", "MinScore", "TargetCompetency", "UpdatedAt")
    VALUES ('CORE_COMM_03', 'Core', 'Micro Learning', '{"title": "Clarity & Conciseness Tune-Up", "resource": "https://www.youtube.com/watch?v=HAnw168huqA", "description": "Mesajları sadeleştirme ve ana mesajı öne çıkarma alıştırmaları.", "delivery_type": "Digital Module"}', TIMESTAMPTZ '2025-01-01T00:00:00Z', 'Medium', 8, TRUE, FALSE, 3.2, 2.6, 'Core_Communication', NULL);
    INSERT INTO "ActionCatalogs" ("ActionId", "ActionCategory", "ActionType", "ContentData", "CreatedAt", "Difficulty", "EstimatedEffortHours", "IsActive", "IsDeleted", "MaxScore", "MinScore", "TargetCompetency", "UpdatedAt")
    VALUES ('CORE_COMM_04', 'Core', 'Reflection', '{"title": "Communication Self-Review", "resource": "https://hbr.org/2022/11/a-checklist-for-better-communication", "description": "İletişim örneklerini değerlendirme ve kısa analiz.", "delivery_type": "Self Reflection"}', TIMESTAMPTZ '2025-01-01T00:00:00Z', 'Low', 4, TRUE, FALSE, 4.0, 3.3, 'Core_Communication', NULL);
    INSERT INTO "ActionCatalogs" ("ActionId", "ActionCategory", "ActionType", "ContentData", "CreatedAt", "Difficulty", "EstimatedEffortHours", "IsActive", "IsDeleted", "MaxScore", "MinScore", "TargetCompetency", "UpdatedAt")
    VALUES ('CORE_INIT_01', 'Core', 'Behavioral Practice', '{"title": "Proactive Mindset Activation", "resource": "https://www.udemy.com/course/taking-initiative-at-work/", "description": "Sorumluluk alma ve aksiyon başlatma egzersizleri.", "delivery_type": "Guided Practice"}', TIMESTAMPTZ '2025-01-01T00:00:00Z', 'High', 24, TRUE, FALSE, 1.7, 1.0, 'Core_Initiative', NULL);
    INSERT INTO "ActionCatalogs" ("ActionId", "ActionCategory", "ActionType", "ContentData", "CreatedAt", "Difficulty", "EstimatedEffortHours", "IsActive", "IsDeleted", "MaxScore", "MinScore", "TargetCompetency", "UpdatedAt")
    VALUES ('CORE_INIT_02', 'Core', 'Scenario Based Learning', '{"title": "Taking Ownership", "resource": "https://www.linkedin.com/learning/developing-resourcefulness", "description": "Yönlendirme olmayan durumlarda sorumluluk senaryoları.", "delivery_type": "Workshop"}', TIMESTAMPTZ '2025-01-01T00:00:00Z', 'Medium-High', 16, TRUE, FALSE, 2.5, 1.8, 'Core_Initiative', NULL);
    INSERT INTO "ActionCatalogs" ("ActionId", "ActionCategory", "ActionType", "ContentData", "CreatedAt", "Difficulty", "EstimatedEffortHours", "IsActive", "IsDeleted", "MaxScore", "MinScore", "TargetCompetency", "UpdatedAt")
    VALUES ('CORE_INIT_03', 'Core', 'Micro Learning', '{"title": "Opportunity Spotting Habits", "resource": "https://www.youtube.com/watch?v=3M_E-J_3j8s", "description": "Geliştirme fırsatlarını fark etme içerikleri.", "delivery_type": "Digital Module"}', TIMESTAMPTZ '2025-01-01T00:00:00Z', 'Medium', 8, TRUE, FALSE, 3.2, 2.6, 'Core_Initiative', NULL);
    INSERT INTO "ActionCatalogs" ("ActionId", "ActionCategory", "ActionType", "ContentData", "CreatedAt", "Difficulty", "EstimatedEffortHours", "IsActive", "IsDeleted", "MaxScore", "MinScore", "TargetCompetency", "UpdatedAt")
    VALUES ('CORE_INIT_04', 'Core', 'Reflection', '{"title": "Initiative Self Check", "resource": "https://hbr.org/2021/08/when-to-take-initiative-at-work", "description": "Alınan inisiyatiflerin öz değerlendirmesi.", "delivery_type": "Self Reflection"}', TIMESTAMPTZ '2025-01-01T00:00:00Z', 'Low', 4, TRUE, FALSE, 4.0, 3.3, 'Core_Initiative', NULL);
    INSERT INTO "ActionCatalogs" ("ActionId", "ActionCategory", "ActionType", "ContentData", "CreatedAt", "Difficulty", "EstimatedEffortHours", "IsActive", "IsDeleted", "MaxScore", "MinScore", "TargetCompetency", "UpdatedAt")
    VALUES ('CORE_LEARN_01', 'Core', 'Behavioral Practice', '{"title": "Learning Habit Foundations", "resource": "https://www.coursera.org/learn/learning-how-to-learn", "description": "Yeni bilgi edinme ve işe uyarlama görevleri.", "delivery_type": "Guided Practice"}', TIMESTAMPTZ '2025-01-01T00:00:00Z', 'High', 24, TRUE, FALSE, 1.7, 1.0, 'Core_LearningAgility', NULL);
    INSERT INTO "ActionCatalogs" ("ActionId", "ActionCategory", "ActionType", "ContentData", "CreatedAt", "Difficulty", "EstimatedEffortHours", "IsActive", "IsDeleted", "MaxScore", "MinScore", "TargetCompetency", "UpdatedAt")
    VALUES ('CORE_LEARN_02', 'Core', 'Scenario Based Learning', '{"title": "Learning from New Situations", "resource": "https://www.udemy.com/course/growth-mindset/", "description": "Bilinmeyen konularda hızlı öğrenme senaryoları.", "delivery_type": "Workshop"}', TIMESTAMPTZ '2025-01-01T00:00:00Z', 'Medium-High', 16, TRUE, FALSE, 2.5, 1.8, 'Core_LearningAgility', NULL);
    INSERT INTO "ActionCatalogs" ("ActionId", "ActionCategory", "ActionType", "ContentData", "CreatedAt", "Difficulty", "EstimatedEffortHours", "IsActive", "IsDeleted", "MaxScore", "MinScore", "TargetCompetency", "UpdatedAt")
    VALUES ('CORE_LEARN_03', 'Core', 'Micro Learning', '{"title": "Continuous Improvement", "resource": "https://www.youtube.com/watch?v=pN34FNbOKXc", "description": "Kısa sürede bilgi edinme içerikleri.", "delivery_type": "Digital Module"}', TIMESTAMPTZ '2025-01-01T00:00:00Z', 'Medium', 8, TRUE, FALSE, 3.2, 2.6, 'Core_LearningAgility', NULL);
    INSERT INTO "ActionCatalogs" ("ActionId", "ActionCategory", "ActionType", "ContentData", "CreatedAt", "Difficulty", "EstimatedEffortHours", "IsActive", "IsDeleted", "MaxScore", "MinScore", "TargetCompetency", "UpdatedAt")
    VALUES ('CORE_LEARN_04', 'Core', 'Reflection', '{"title": "Learning Agility Self Check", "resource": "https://hbr.org/2015/09/improve-your-ability-to-learn", "description": "Yeni konuların işe yansıtılması analizi.", "delivery_type": "Self Reflection"}', TIMESTAMPTZ '2025-01-01T00:00:00Z', 'Low', 4, TRUE, FALSE, 4.0, 3.3, 'Core_LearningAgility', NULL);
    INSERT INTO "ActionCatalogs" ("ActionId", "ActionCategory", "ActionType", "ContentData", "CreatedAt", "Difficulty", "EstimatedEffortHours", "IsActive", "IsDeleted", "MaxScore", "MinScore", "TargetCompetency", "UpdatedAt")
    VALUES ('CORE_PROB_01', 'Core', 'Analytical Practice', '{"title": "Problem Decomposition Fundamentals", "resource": "https://www.coursera.org/learn/problem-solving", "description": "Problemleri alt bileşenlerine ayırma çalışmaları.", "delivery_type": "Guided Practice"}', TIMESTAMPTZ '2025-01-01T00:00:00Z', 'High', 24, TRUE, FALSE, 1.7, 1.0, 'Core_ProblemSolving', NULL);
    INSERT INTO "ActionCatalogs" ("ActionId", "ActionCategory", "ActionType", "ContentData", "CreatedAt", "Difficulty", "EstimatedEffortHours", "IsActive", "IsDeleted", "MaxScore", "MinScore", "TargetCompetency", "UpdatedAt")
    VALUES ('CORE_PROB_02', 'Core', 'Scenario Based Learning', '{"title": "Root Cause Analysis Practice", "resource": "https://www.udemy.com/course/root-cause-analysis/", "description": "Yüzeysel belirtiler yerine temel nedenleri belirleme vakaları.", "delivery_type": "Workshop"}', TIMESTAMPTZ '2025-01-01T00:00:00Z', 'Medium-High', 16, TRUE, FALSE, 2.5, 1.8, 'Core_ProblemSolving', NULL);
    INSERT INTO "ActionCatalogs" ("ActionId", "ActionCategory", "ActionType", "ContentData", "CreatedAt", "Difficulty", "EstimatedEffortHours", "IsActive", "IsDeleted", "MaxScore", "MinScore", "TargetCompetency", "UpdatedAt")
    VALUES ('CORE_PROB_03', 'Core', 'Micro Learning', '{"title": "Solution Evaluation Techniques", "resource": "https://www.youtube.com/watch?v=JhhC_kP11mI", "description": "Çözüm alternatiflerini değerlendirme alıştırmaları.", "delivery_type": "Digital Module"}', TIMESTAMPTZ '2025-01-01T00:00:00Z', 'Medium', 8, TRUE, FALSE, 3.2, 2.6, 'Core_ProblemSolving', NULL);
    INSERT INTO "ActionCatalogs" ("ActionId", "ActionCategory", "ActionType", "ContentData", "CreatedAt", "Difficulty", "EstimatedEffortHours", "IsActive", "IsDeleted", "MaxScore", "MinScore", "TargetCompetency", "UpdatedAt")
    VALUES ('CORE_PROB_04', 'Core', 'Reflection', '{"title": "Problem-Solving Self Review", "resource": "https://hbr.org/2018/03/how-to-solve-tough-problems", "description": "Çözülen problemlerin yaklaşımını gözden geçirme.", "delivery_type": "Self Reflection"}', TIMESTAMPTZ '2025-01-01T00:00:00Z', 'Low', 4, TRUE, FALSE, 4.0, 3.3, 'Core_ProblemSolving', NULL);
    INSERT INTO "ActionCatalogs" ("ActionId", "ActionCategory", "ActionType", "ContentData", "CreatedAt", "Difficulty", "EstimatedEffortHours", "IsActive", "IsDeleted", "MaxScore", "MinScore", "TargetCompetency", "UpdatedAt")
    VALUES ('CORE_TEAM_01', 'Core', 'Behavioral Practice', '{"title": "Collaboration Basics Immersion", "resource": "https://www.coursera.org/learn/teamwork-skills-effective-communication", "description": "Takım içi rol paylaşımı ve ortak hedef takibi görevleri.", "delivery_type": "Guided Practice"}', TIMESTAMPTZ '2025-01-01T00:00:00Z', 'High', 24, TRUE, FALSE, 1.7, 1.0, 'Core_Teamwork', NULL);
    INSERT INTO "ActionCatalogs" ("ActionId", "ActionCategory", "ActionType", "ContentData", "CreatedAt", "Difficulty", "EstimatedEffortHours", "IsActive", "IsDeleted", "MaxScore", "MinScore", "TargetCompetency", "UpdatedAt")
    VALUES ('CORE_TEAM_02', 'Core', 'Scenario Based Learning', '{"title": "Conflict Handling in Teams", "resource": "https://www.pluralsight.com/courses/conflict-resolution-workplace", "description": "Anlaşmazlıklarda iş birliğini koruma üzerine senaryolar.", "delivery_type": "Workshop"}', TIMESTAMPTZ '2025-01-01T00:00:00Z', 'Medium-High', 16, TRUE, FALSE, 2.5, 1.8, 'Core_Teamwork', NULL);
    INSERT INTO "ActionCatalogs" ("ActionId", "ActionCategory", "ActionType", "ContentData", "CreatedAt", "Difficulty", "EstimatedEffortHours", "IsActive", "IsDeleted", "MaxScore", "MinScore", "TargetCompetency", "UpdatedAt")
    VALUES ('CORE_TEAM_03', 'Core', 'Micro Learning', '{"title": "Effective Collaboration Habits", "resource": "https://www.youtube.com/watch?v=1qE5L2z5T0M", "description": "Bilgi paylaşımı ve destek alışkanlıklarını güçlendirme.", "delivery_type": "Digital Module"}', TIMESTAMPTZ '2025-01-01T00:00:00Z', 'Medium', 8, TRUE, FALSE, 3.2, 2.6, 'Core_Teamwork', NULL);
    INSERT INTO "ActionCatalogs" ("ActionId", "ActionCategory", "ActionType", "ContentData", "CreatedAt", "Difficulty", "EstimatedEffortHours", "IsActive", "IsDeleted", "MaxScore", "MinScore", "TargetCompetency", "UpdatedAt")
    VALUES ('CORE_TEAM_04', 'Core', 'Reflection', '{"title": "Team Contribution Review", "resource": "https://medium.com/management-matters/the-ultimate-teamwork-checklist", "description": "Takım içindeki katkının ve destek düzeyinin öz değerlendirmesi.", "delivery_type": "Self Reflection"}', TIMESTAMPTZ '2025-01-01T00:00:00Z', 'Low', 4, TRUE, FALSE, 4.0, 3.3, 'Core_Teamwork', NULL);
    INSERT INTO "ActionCatalogs" ("ActionId", "ActionCategory", "ActionType", "ContentData", "CreatedAt", "Difficulty", "EstimatedEffortHours", "IsActive", "IsDeleted", "MaxScore", "MinScore", "TargetCompetency", "UpdatedAt")
    VALUES ('CORE_TIME_01', 'Core', 'Behavioral Practice', '{"title": "Time Awareness & Priority Reset", "resource": "https://www.coursera.org/learn/work-smarter-not-harder", "description": "Önceliklendirme ve planlama alışkanlığı kazandırma.", "delivery_type": "Guided Practice"}', TIMESTAMPTZ '2025-01-01T00:00:00Z', 'High', 24, TRUE, FALSE, 1.7, 1.0, 'Core_TimeManagement', NULL);
    INSERT INTO "ActionCatalogs" ("ActionId", "ActionCategory", "ActionType", "ContentData", "CreatedAt", "Difficulty", "EstimatedEffortHours", "IsActive", "IsDeleted", "MaxScore", "MinScore", "TargetCompetency", "UpdatedAt")
    VALUES ('CORE_TIME_02', 'Core', 'Scenario Based Learning', '{"title": "Managing Competing Priorities", "resource": "https://www.udemy.com/course/time-management-mastery/", "description": "İşler arasında öncelik belirleme vakaları.", "delivery_type": "Workshop"}', TIMESTAMPTZ '2025-01-01T00:00:00Z', 'Medium-High', 16, TRUE, FALSE, 2.5, 1.8, 'Core_TimeManagement', NULL);
    INSERT INTO "ActionCatalogs" ("ActionId", "ActionCategory", "ActionType", "ContentData", "CreatedAt", "Difficulty", "EstimatedEffortHours", "IsActive", "IsDeleted", "MaxScore", "MinScore", "TargetCompetency", "UpdatedAt")
    VALUES ('CORE_TIME_03', 'Core', 'Micro Learning', '{"title": "Efficiency & Focus Techniques", "resource": "https://www.youtube.com/watch?v=snAhsXyO3Co", "description": "Odaklanma ve işleri tamamlama uygulamaları.", "delivery_type": "Digital Module"}', TIMESTAMPTZ '2025-01-01T00:00:00Z', 'Medium', 8, TRUE, FALSE, 3.2, 2.6, 'Core_TimeManagement', NULL);
    INSERT INTO "ActionCatalogs" ("ActionId", "ActionCategory", "ActionType", "ContentData", "CreatedAt", "Difficulty", "EstimatedEffortHours", "IsActive", "IsDeleted", "MaxScore", "MinScore", "TargetCompetency", "UpdatedAt")
    VALUES ('CORE_TIME_04', 'Core', 'Reflection', '{"title": "Personal Time Review", "resource": "https://hbr.org/2019/01/how-to-actually-save-time", "description": "Zaman kullanım alışkanlıklarının değerlendirilmesi.", "delivery_type": "Self Reflection"}', TIMESTAMPTZ '2025-01-01T00:00:00Z', 'Low', 4, TRUE, FALSE, 4.0, 3.3, 'Core_TimeManagement', NULL);
    INSERT INTO "ActionCatalogs" ("ActionId", "ActionCategory", "ActionType", "ContentData", "CreatedAt", "Difficulty", "EstimatedEffortHours", "IsActive", "IsDeleted", "MaxScore", "MinScore", "TargetCompetency", "UpdatedAt")
    VALUES ('DEPT_COMP1_01', 'Department', 'PracticalTask', '{"Operations": {"title": "Operasyon Planı (Ops_OperationsPlanning)", "resource": "https://www.smartsheet.com/free-weekly-schedule-templates", "delivery_type": "Task"}, "Technology": {"title": "PR Refactor (Tech_CodingQuality)", "resource": "https://github.com/collections/clean-code", "delivery_type": "Task"}, "Human Resources": {"title": "İlan Metni (HR_Recruitment)", "resource": "https://www.shrm.org/resourcesandtools/tools-and-samples/hr-forms/pages/jobposting_template.aspx", "delivery_type": "Task"}, "Sales & Marketing": {"title": "Müşteri Pitch (Sales_SalesSkill)", "resource": "https://blog.hubspot.com/sales/sales-pitch-examples", "delivery_type": "Task"}, "Finance & Accounting": {"title": "KPI Analizi (Fin_FinancialAnalysis)", "resource": "https://corporatefinanceinstitute.com/resources/excel/kpi-dashboard-template/", "delivery_type": "Task"}}', TIMESTAMPTZ '2025-01-01T00:00:00Z', 'Medium', 3, TRUE, FALSE, 1.9, 1.0, 'Dept_Comp1', NULL);
    INSERT INTO "ActionCatalogs" ("ActionId", "ActionCategory", "ActionType", "ContentData", "CreatedAt", "Difficulty", "EstimatedEffortHours", "IsActive", "IsDeleted", "MaxScore", "MinScore", "TargetCompetency", "UpdatedAt")
    VALUES ('DEPT_COMP1_02', 'Department', 'Coaching', '{"Operations": {"title": "Planlama Checklist", "resource": "https://safetyculture.com/checklists/operations-management/", "delivery_type": "Checklist"}, "Technology": {"title": "Kod İnceleme Checklist", "resource": "https://github.com/integrations/feature/code-review", "delivery_type": "Checklist"}, "Human Resources": {"title": "İşe Alım Checklist", "resource": "https://resources.workable.com/tutorial/recruitment-process-checklist", "delivery_type": "Checklist"}, "Sales & Marketing": {"title": "Satış Görüşmesi Checklist", "resource": "https://www.salesforce.com/resources/articles/sales-call-planning-checklist/", "delivery_type": "Checklist"}, "Finance & Accounting": {"title": "Kontrol Checklist", "resource": "https://www.aicpa.org/resources/toolkit/financial-statement-checklist", "delivery_type": "Checklist"}}', TIMESTAMPTZ '2025-01-01T00:00:00Z', 'Medium', 2, TRUE, FALSE, 2.9, 2.0, 'Dept_Comp1', NULL);
    INSERT INTO "ActionCatalogs" ("ActionId", "ActionCategory", "ActionType", "ContentData", "CreatedAt", "Difficulty", "EstimatedEffortHours", "IsActive", "IsDeleted", "MaxScore", "MinScore", "TargetCompetency", "UpdatedAt")
    VALUES ('DEPT_COMP1_03', 'Department', 'MicroLearning', '{"Operations": {"title": "Planlama 101", "resource": "https://www.coursera.org/learn/operations-management", "delivery_type": "Course"}, "Technology": {"title": "Kod Kalitesi", "resource": "https://www.pluralsight.com/courses/clean-code", "delivery_type": "Course"}, "Human Resources": {"title": "Mülakat Akışı", "resource": "https://www.coursera.org/learn/recruiting-hiring-onboarding-employees", "delivery_type": "Course"}, "Sales & Marketing": {"title": "Satış Temelleri", "resource": "https://www.udemy.com/course/sales-training-practical-sales-techniques/", "delivery_type": "Course"}, "Finance & Accounting": {"title": "Veri Okuma", "resource": "https://www.coursera.org/learn/financial-accounting-basics", "delivery_type": "Course"}}', TIMESTAMPTZ '2025-01-01T00:00:00Z', 'Easy', 2, TRUE, FALSE, 4.0, 3.0, 'Dept_Comp1', NULL);
    INSERT INTO "ActionCatalogs" ("ActionId", "ActionCategory", "ActionType", "ContentData", "CreatedAt", "Difficulty", "EstimatedEffortHours", "IsActive", "IsDeleted", "MaxScore", "MinScore", "TargetCompetency", "UpdatedAt")
    VALUES ('DEPT_COMP2_01', 'Department', 'Simulation', '{"Operations": {"title": "Teslimat Senaryosu", "resource": "https://www.edx.org/course/supply-chain-logistics", "delivery_type": "Exercise"}, "Technology": {"title": "Ölçeklenebilir Sistem Senaryosu", "resource": "https://github.com/donnemartin/system-design-primer", "delivery_type": "Exercise"}, "Human Resources": {"title": "Disiplin Süreci Senaryosu", "resource": "https://www.shrm.org/resourcesandtools/tools-and-samples/hr-forms/pages/disciplinary-action-form.aspx", "delivery_type": "Exercise"}, "Sales & Marketing": {"title": "Pazarlık Senaryosu", "resource": "https://www.udemy.com/course/negotiation-secrets-for-master-negotiators/", "delivery_type": "Exercise"}, "Finance & Accounting": {"title": "Hata Bulma Senaryosu", "resource": "https://corporatefinanceinstitute.com/course/accounting-fundamentals/", "delivery_type": "Exercise"}}', TIMESTAMPTZ '2025-01-01T00:00:00Z', 'Hard', 5, TRUE, FALSE, 1.9, 1.0, 'Dept_Comp2', NULL);
    INSERT INTO "ActionCatalogs" ("ActionId", "ActionCategory", "ActionType", "ContentData", "CreatedAt", "Difficulty", "EstimatedEffortHours", "IsActive", "IsDeleted", "MaxScore", "MinScore", "TargetCompetency", "UpdatedAt")
    VALUES ('DEPT_COMP2_02', 'Department', 'MicroLearning', '{"Operations": {"title": "Lojistik Süreçleri", "resource": "https://www.coursera.org/learn/supply-chain-management", "delivery_type": "Course"}, "Technology": {"title": "Sistem Tasarımı", "resource": "https://www.udacity.com/course/software-architecture-design--ud821", "delivery_type": "Course"}, "Human Resources": {"title": "İş Hukuku", "resource": "https://www.coursera.org/learn/human-resources-management", "delivery_type": "Course"}, "Sales & Marketing": {"title": "Müzakere Stratejileri", "resource": "https://www.coursera.org/learn/negotiation-skills", "delivery_type": "Course"}, "Finance & Accounting": {"title": "Muhasebe İlkeleri", "resource": "https://www.coursera.org/learn/financial-reporting", "delivery_type": "Course"}}', TIMESTAMPTZ '2025-01-01T00:00:00Z', 'Medium', 4, TRUE, FALSE, 2.9, 2.0, 'Dept_Comp2', NULL);
    INSERT INTO "ActionCatalogs" ("ActionId", "ActionCategory", "ActionType", "ContentData", "CreatedAt", "Difficulty", "EstimatedEffortHours", "IsActive", "IsDeleted", "MaxScore", "MinScore", "TargetCompetency", "UpdatedAt")
    VALUES ('DEPT_COMP2_03', 'Department', 'Reflection', '{"Operations": {"title": "Lojistik Değerlendirme", "resource": "https://miro.com/templates/logistics-planning/", "delivery_type": "Template"}, "Technology": {"title": "Tasarım Değerlendirme", "resource": "https://miro.com/templates/architecture-diagram/", "delivery_type": "Template"}, "Human Resources": {"title": "Politika Değerlendirme", "resource": "https://miro.com/templates/hr-strategy/", "delivery_type": "Template"}, "Sales & Marketing": {"title": "Müzakere Değerlendirme", "resource": "https://miro.com/templates/sales-pipeline/", "delivery_type": "Template"}, "Finance & Accounting": {"title": "Muhasebe Değerlendirme", "resource": "https://miro.com/templates/financial-analysis/", "delivery_type": "Template"}}', TIMESTAMPTZ '2025-01-01T00:00:00Z', 'Easy', 2, TRUE, FALSE, 4.0, 3.0, 'Dept_Comp2', NULL);
    INSERT INTO "ActionCatalogs" ("ActionId", "ActionCategory", "ActionType", "ContentData", "CreatedAt", "Difficulty", "EstimatedEffortHours", "IsActive", "IsDeleted", "MaxScore", "MinScore", "TargetCompetency", "UpdatedAt")
    VALUES ('DEPT_COMP3_01', 'Department', 'Coaching', '{"Operations": {"title": "Süreç Koçluğu", "resource": "https://kanbanize.com/lean-management/improvement/kaizen", "delivery_type": "Checklist"}, "Technology": {"title": "Test Planı Koçluğu", "resource": "https://www.guru99.com/software-testing-checklist.html", "delivery_type": "Checklist"}, "Human Resources": {"title": "Zor Çalışan Koçluğu", "resource": "https://hbr.org/2015/02/how-to-coach-a-difficult-employee", "delivery_type": "Checklist"}, "Sales & Marketing": {"title": "CRM Koçluğu", "resource": "https://www.hubspot.com/resources/crm-implementation-checklist", "delivery_type": "Checklist"}, "Finance & Accounting": {"title": "Bordro İnceleme", "resource": "https://www.adp.com/resources/articles-and-insights/articles/p/payroll-checklist.aspx", "delivery_type": "Checklist"}}', TIMESTAMPTZ '2025-01-01T00:00:00Z', 'Hard', 4, TRUE, FALSE, 1.9, 1.0, 'Dept_Comp3', NULL);
    INSERT INTO "ActionCatalogs" ("ActionId", "ActionCategory", "ActionType", "ContentData", "CreatedAt", "Difficulty", "EstimatedEffortHours", "IsActive", "IsDeleted", "MaxScore", "MinScore", "TargetCompetency", "UpdatedAt")
    VALUES ('DEPT_COMP3_02', 'Department', 'MicroLearning', '{"Operations": {"title": "Optimizasyon", "resource": "https://www.coursera.org/learn/process-improvement", "delivery_type": "Course"}, "Technology": {"title": "QA Süreçleri", "resource": "https://www.udacity.com/course/software-testing--cs258", "delivery_type": "Course"}, "Human Resources": {"title": "Çalışan İlişkileri", "resource": "https://www.coursera.org/learn/employee-relations", "delivery_type": "Course"}, "Sales & Marketing": {"title": "CRM Temelleri", "resource": "https://www.coursera.org/learn/crm", "delivery_type": "Course"}, "Finance & Accounting": {"title": "Bordro Süreci", "resource": "https://www.udemy.com/course/payroll-management/", "delivery_type": "Course"}}', TIMESTAMPTZ '2025-01-01T00:00:00Z', 'Medium', 3, TRUE, FALSE, 2.9, 2.0, 'Dept_Comp3', NULL);
    INSERT INTO "ActionCatalogs" ("ActionId", "ActionCategory", "ActionType", "ContentData", "CreatedAt", "Difficulty", "EstimatedEffortHours", "IsActive", "IsDeleted", "MaxScore", "MinScore", "TargetCompetency", "UpdatedAt")
    VALUES ('DEPT_COMP3_03', 'Department', 'MicroLearning', '{"Operations": {"title": "Süreç Quiz", "resource": "https://sixsigmastudyguide.com/lean-six-sigma-quiz/", "delivery_type": "Course"}, "Technology": {"title": "QA Quiz", "resource": "https://www.istqb.org/certifications/agile-tester", "delivery_type": "Course"}, "Human Resources": {"title": "Employee Relations Quiz", "resource": "https://www.shrm.org/certification/quiz", "delivery_type": "Course"}, "Sales & Marketing": {"title": "CRM Quiz", "resource": "https://academy.hubspot.com/courses/inbound-sales", "delivery_type": "Course"}, "Finance & Accounting": {"title": "Bordro Quiz", "resource": "https://www.aicpa.org/resources/quiz", "delivery_type": "Course"}}', TIMESTAMPTZ '2025-01-01T00:00:00Z', 'Medium', 3, TRUE, FALSE, 4.0, 3.0, 'Dept_Comp3', NULL);
    INSERT INTO "ActionCatalogs" ("ActionId", "ActionCategory", "ActionType", "ContentData", "CreatedAt", "Difficulty", "EstimatedEffortHours", "IsActive", "IsDeleted", "MaxScore", "MinScore", "TargetCompetency", "UpdatedAt")
    VALUES ('ROLE_COMP1_01', 'Role', 'Simulation', '{"Accountant": {"title": "Finansal Model Simülasyonu", "resource": "https://corporatefinanceinstitute.com/resources/excel/financial-modeling-simulations/", "delivery_type": "Exercise"}, "HR Specialist": {"title": "Dokümantasyon Simülasyonu", "resource": "https://www.shrm.org/resourcesandtools/tools-and-samples/hr-forms/pages/hr-simulations.aspx", "delivery_type": "Exercise"}, "Data Scientist": {"title": "Model Simülasyonu", "resource": "https://www.kaggle.com/competitions", "delivery_type": "Exercise"}, "Sales Executive": {"title": "Kapanış Simülasyonu", "resource": "https://trailhead.salesforce.com/en/content/learn/trails/sales-cloud-basics", "delivery_type": "Exercise"}, "Software Engineer": {"title": "Hata Ayıklama Simülasyonu", "resource": "https://github.com/topics/coding-challenges", "delivery_type": "Exercise"}, "Operations Manager": {"title": "Planlama Simülasyonu", "resource": "https://www.edx.org/learn/operations-management", "delivery_type": "Exercise"}}', TIMESTAMPTZ '2025-01-01T00:00:00Z', 'Hard', 6, TRUE, FALSE, 1.9, 1.0, 'Role_Comp1', NULL);
    INSERT INTO "ActionCatalogs" ("ActionId", "ActionCategory", "ActionType", "ContentData", "CreatedAt", "Difficulty", "EstimatedEffortHours", "IsActive", "IsDeleted", "MaxScore", "MinScore", "TargetCompetency", "UpdatedAt")
    VALUES ('ROLE_COMP1_02', 'Role', 'PracticalTask', '{"Accountant": {"title": "Defter Tutma Görevi", "resource": "https://www.journalofaccountancy.com/issues.html", "delivery_type": "Task"}, "HR Specialist": {"title": "Dokümantasyon Görevi", "resource": "https://www.shrm.org/resourcesandtools/tools-and-samples/policies/pages/default.aspx", "delivery_type": "Task"}, "Data Scientist": {"title": "Veri Model Görevi", "resource": "https://paperswithcode.com/sota", "delivery_type": "Task"}, "Sales Executive": {"title": "Pipeline Yönetimi", "resource": "https://blog.hubspot.com/sales/sales-strategy-template", "delivery_type": "Task"}, "Software Engineer": {"title": "Problem Parçalama", "resource": "https://github.com/search?q=architecture+katas", "delivery_type": "Task"}, "Operations Manager": {"title": "Operasyon Görevi", "resource": "https://www.smartsheet.com/operations-management-templates", "delivery_type": "Task"}}', TIMESTAMPTZ '2025-01-01T00:00:00Z', 'Medium', 4, TRUE, FALSE, 2.9, 2.0, 'Role_Comp1', NULL);
    INSERT INTO "ActionCatalogs" ("ActionId", "ActionCategory", "ActionType", "ContentData", "CreatedAt", "Difficulty", "EstimatedEffortHours", "IsActive", "IsDeleted", "MaxScore", "MinScore", "TargetCompetency", "UpdatedAt")
    VALUES ('ROLE_COMP1_03', 'Role', 'MicroLearning', '{"Accountant": {"title": "Muhasebe Eğitimi", "resource": "https://www.coursera.org/learn/financial-accounting-basics", "delivery_type": "Course"}, "HR Specialist": {"title": "Dokümantasyon Eğitimi", "resource": "https://www.coursera.org/learn/managing-human-resources", "delivery_type": "Course"}, "Data Scientist": {"title": "Veri Bilimi Eğitim", "resource": "https://www.coursera.org/specializations/machine-learning-introduction", "delivery_type": "Course"}, "Sales Executive": {"title": "Satış Eğitimi", "resource": "https://academy.hubspot.com/courses/inbound-sales", "delivery_type": "Course"}, "Software Engineer": {"title": "Mimari Eğitim", "resource": "https://www.pluralsight.com/courses/software-architecture-fundamentals", "delivery_type": "Course"}, "Operations Manager": {"title": "Yönetim Eğitimi", "resource": "https://www.coursera.org/learn/operations-management", "delivery_type": "Course"}}', TIMESTAMPTZ '2025-01-01T00:00:00Z', 'Easy', 2, TRUE, FALSE, 4.0, 3.0, 'Role_Comp1', NULL);
    INSERT INTO "ActionCatalogs" ("ActionId", "ActionCategory", "ActionType", "ContentData", "CreatedAt", "Difficulty", "EstimatedEffortHours", "IsActive", "IsDeleted", "MaxScore", "MinScore", "TargetCompetency", "UpdatedAt")
    VALUES ('ROLE_COMP2_01', 'Role', 'PracticalTask', '{"Accountant": {"title": "Mevzuat Görevi", "resource": "https://corporatefinanceinstitute.com/resources/templates/", "delivery_type": "Task"}, "HR Specialist": {"title": "İç Destek Görevi", "resource": "https://hbr.org/2020/01/hr-strategy-task-guide", "delivery_type": "Task"}, "Data Scientist": {"title": "Model Yorumlama", "resource": "https://www.kaggle.com/datasets", "delivery_type": "Task"}, "Sales Executive": {"title": "CRM Görevi", "resource": "https://www.salesforce.com/resources/articles/pipeline-management/", "delivery_type": "Task"}, "Software Engineer": {"title": "Mimari Görev", "resource": "https://github.com/collections/choosing-projects", "delivery_type": "Task"}, "Operations Manager": {"title": "İzleme Görevi", "resource": "https://safetyculture.com/templates/operations/", "delivery_type": "Task"}}', TIMESTAMPTZ '2025-01-01T00:00:00Z', 'Medium', 3, TRUE, FALSE, 1.9, 1.0, 'Role_Comp2', NULL);
    INSERT INTO "ActionCatalogs" ("ActionId", "ActionCategory", "ActionType", "ContentData", "CreatedAt", "Difficulty", "EstimatedEffortHours", "IsActive", "IsDeleted", "MaxScore", "MinScore", "TargetCompetency", "UpdatedAt")
    VALUES ('ROLE_COMP2_02', 'Role', 'Coaching', '{"Accountant": {"title": "Mevzuat Koçluk", "resource": "https://www.aicpa.org/resources/toolkit/month-end-close-checklist", "delivery_type": "Checklist"}, "HR Specialist": {"title": "İç Destek Koçluk", "resource": "https://resources.workable.com/hr-checklists", "delivery_type": "Checklist"}, "Data Scientist": {"title": "Model Koçluk", "resource": "https://developers.google.com/machine-learning/crash-course/production-ml-systems", "delivery_type": "Checklist"}, "Sales Executive": {"title": "CRM Koçluk", "resource": "https://blog.hubspot.com/sales/sales-coaching-checklist", "delivery_type": "Checklist"}, "Software Engineer": {"title": "Mimari Koçluk", "resource": "https://github.com/integrations/feature/code-review", "delivery_type": "Checklist"}, "Operations Manager": {"title": "İzleme Koçluk", "resource": "https://www.proces.st/operations-management-checklist/", "delivery_type": "Checklist"}}', TIMESTAMPTZ '2025-01-01T00:00:00Z', 'Medium', 2, TRUE, FALSE, 2.9, 2.0, 'Role_Comp2', NULL);
    INSERT INTO "ActionCatalogs" ("ActionId", "ActionCategory", "ActionType", "ContentData", "CreatedAt", "Difficulty", "EstimatedEffortHours", "IsActive", "IsDeleted", "MaxScore", "MinScore", "TargetCompetency", "UpdatedAt")
    VALUES ('ROLE_COMP2_03', 'Role', 'Reflection', '{"Accountant": {"title": "Mevzuat Şablon", "resource": "https://miro.com/templates/budget-planning/", "delivery_type": "Template"}, "HR Specialist": {"title": "İç Destek Şablonu", "resource": "https://miro.com/templates/hr-retro/", "delivery_type": "Template"}, "Data Scientist": {"title": "Model Şablon", "resource": "https://miro.com/templates/data-model/", "delivery_type": "Template"}, "Sales Executive": {"title": "CRM Şablon", "resource": "https://miro.com/templates/sales-funnel/", "delivery_type": "Template"}, "Software Engineer": {"title": "Mimari Şablon", "resource": "https://miro.com/templates/sprint-retrospective/", "delivery_type": "Template"}, "Operations Manager": {"title": "İzleme Şablon", "resource": "https://miro.com/templates/lean-canvas/", "delivery_type": "Template"}}', TIMESTAMPTZ '2025-01-01T00:00:00Z', 'Easy', 1, TRUE, FALSE, 4.0, 3.0, 'Role_Comp2', NULL);
    END IF;
END $EF$;

DO $EF$
BEGIN
    IF NOT EXISTS(SELECT 1 FROM "__EFMigrationsHistory" WHERE "MigrationId" = '20260604173003_InitialCreate') THEN
    INSERT INTO "AssessmentCycles" ("Id", "CreatedAt", "EndDate", "IsDeleted", "Name", "StartDate", "Status", "UpdatedAt")
    VALUES (1, TIMESTAMPTZ '2025-01-01T00:00:00Z', DATE '2025-12-31', FALSE, '2025 Yılı Q4 Değerlendirmesi', DATE '2025-10-01', 'Completed', NULL);
    END IF;
END $EF$;

DO $EF$
BEGIN
    IF NOT EXISTS(SELECT 1 FROM "__EFMigrationsHistory" WHERE "MigrationId" = '20260604173003_InitialCreate') THEN
    INSERT INTO "Competencies" ("Id", "Category", "Code", "CreatedAt", "Description", "IsActive", "IsDeleted", "Name", "UpdatedAt")
    VALUES (1, 'Core', 'Core_Communication', TIMESTAMPTZ '2025-01-01T00:00:00Z', NULL, TRUE, FALSE, 'İletişim', NULL);
    INSERT INTO "Competencies" ("Id", "Category", "Code", "CreatedAt", "Description", "IsActive", "IsDeleted", "Name", "UpdatedAt")
    VALUES (2, 'Core', 'Core_Teamwork', TIMESTAMPTZ '2025-01-01T00:00:00Z', NULL, TRUE, FALSE, 'Takım Çalışması', NULL);
    INSERT INTO "Competencies" ("Id", "Category", "Code", "CreatedAt", "Description", "IsActive", "IsDeleted", "Name", "UpdatedAt")
    VALUES (3, 'Core', 'Core_ProblemSolving', TIMESTAMPTZ '2025-01-01T00:00:00Z', NULL, TRUE, FALSE, 'Problem Çözme', NULL);
    INSERT INTO "Competencies" ("Id", "Category", "Code", "CreatedAt", "Description", "IsActive", "IsDeleted", "Name", "UpdatedAt")
    VALUES (4, 'Core', 'Core_Adaptability', TIMESTAMPTZ '2025-01-01T00:00:00Z', NULL, TRUE, FALSE, 'Uyum Yeteneği', NULL);
    INSERT INTO "Competencies" ("Id", "Category", "Code", "CreatedAt", "Description", "IsActive", "IsDeleted", "Name", "UpdatedAt")
    VALUES (5, 'Core', 'Core_Initiative', TIMESTAMPTZ '2025-01-01T00:00:00Z', NULL, TRUE, FALSE, 'İnisiyatif Alma', NULL);
    INSERT INTO "Competencies" ("Id", "Category", "Code", "CreatedAt", "Description", "IsActive", "IsDeleted", "Name", "UpdatedAt")
    VALUES (6, 'Core', 'Core_Accountability', TIMESTAMPTZ '2025-01-01T00:00:00Z', NULL, TRUE, FALSE, 'Sorumluluk Bilinci', NULL);
    INSERT INTO "Competencies" ("Id", "Category", "Code", "CreatedAt", "Description", "IsActive", "IsDeleted", "Name", "UpdatedAt")
    VALUES (7, 'Core', 'Core_LearningAgility', TIMESTAMPTZ '2025-01-01T00:00:00Z', NULL, TRUE, FALSE, 'Öğrenme Çevikliği', NULL);
    INSERT INTO "Competencies" ("Id", "Category", "Code", "CreatedAt", "Description", "IsActive", "IsDeleted", "Name", "UpdatedAt")
    VALUES (8, 'Core', 'Core_TimeManagement', TIMESTAMPTZ '2025-01-01T00:00:00Z', NULL, TRUE, FALSE, 'Zaman Yönetimi', NULL);
    INSERT INTO "Competencies" ("Id", "Category", "Code", "CreatedAt", "Description", "IsActive", "IsDeleted", "Name", "UpdatedAt")
    VALUES (9, 'Department', 'Dept_Comp1', TIMESTAMPTZ '2025-01-01T00:00:00Z', NULL, TRUE, FALSE, 'Departman Yetkinliği 1', NULL);
    INSERT INTO "Competencies" ("Id", "Category", "Code", "CreatedAt", "Description", "IsActive", "IsDeleted", "Name", "UpdatedAt")
    VALUES (10, 'Department', 'Dept_Comp2', TIMESTAMPTZ '2025-01-01T00:00:00Z', NULL, TRUE, FALSE, 'Departman Yetkinliği 2', NULL);
    INSERT INTO "Competencies" ("Id", "Category", "Code", "CreatedAt", "Description", "IsActive", "IsDeleted", "Name", "UpdatedAt")
    VALUES (11, 'Department', 'Dept_Comp3', TIMESTAMPTZ '2025-01-01T00:00:00Z', NULL, TRUE, FALSE, 'Departman Yetkinliği 3', NULL);
    INSERT INTO "Competencies" ("Id", "Category", "Code", "CreatedAt", "Description", "IsActive", "IsDeleted", "Name", "UpdatedAt")
    VALUES (12, 'Role', 'Role_Comp1', TIMESTAMPTZ '2025-01-01T00:00:00Z', NULL, TRUE, FALSE, 'Rol Yetkinliği 1', NULL);
    INSERT INTO "Competencies" ("Id", "Category", "Code", "CreatedAt", "Description", "IsActive", "IsDeleted", "Name", "UpdatedAt")
    VALUES (13, 'Role', 'Role_Comp2', TIMESTAMPTZ '2025-01-01T00:00:00Z', NULL, TRUE, FALSE, 'Rol Yetkinliği 2', NULL);
    END IF;
END $EF$;

DO $EF$
BEGIN
    IF NOT EXISTS(SELECT 1 FROM "__EFMigrationsHistory" WHERE "MigrationId" = '20260604173003_InitialCreate') THEN
    INSERT INTO "Departments" ("Id", "Code", "CreatedAt", "Description", "IsDeleted", "Name", "UpdatedAt")
    VALUES (1, 'TECH', TIMESTAMPTZ '2025-01-01T00:00:00Z', NULL, FALSE, 'Technology', NULL);
    INSERT INTO "Departments" ("Id", "Code", "CreatedAt", "Description", "IsDeleted", "Name", "UpdatedAt")
    VALUES (2, 'HR', TIMESTAMPTZ '2025-01-01T00:00:00Z', NULL, FALSE, 'Human Resources', NULL);
    INSERT INTO "Departments" ("Id", "Code", "CreatedAt", "Description", "IsDeleted", "Name", "UpdatedAt")
    VALUES (3, 'SALES', TIMESTAMPTZ '2025-01-01T00:00:00Z', NULL, FALSE, 'Sales & Marketing', NULL);
    INSERT INTO "Departments" ("Id", "Code", "CreatedAt", "Description", "IsDeleted", "Name", "UpdatedAt")
    VALUES (4, 'FIN', TIMESTAMPTZ '2025-01-01T00:00:00Z', NULL, FALSE, 'Finance & Accounting', NULL);
    INSERT INTO "Departments" ("Id", "Code", "CreatedAt", "Description", "IsDeleted", "Name", "UpdatedAt")
    VALUES (5, 'OPS', TIMESTAMPTZ '2025-01-01T00:00:00Z', NULL, FALSE, 'Operations', NULL);
    END IF;
END $EF$;

DO $EF$
BEGIN
    IF NOT EXISTS(SELECT 1 FROM "__EFMigrationsHistory" WHERE "MigrationId" = '20260604173003_InitialCreate') THEN
    INSERT INTO "ModelVersions" ("Id", "CreatedAt", "Description", "HammingLoss", "IsActive", "IsDeleted", "MacroF1", "MicroF1", "ModelName", "RocAuc", "UpdatedAt", "Version")
    VALUES (1, TIMESTAMPTZ '2025-01-01T00:00:00Z', 'LightGBM multi-label classifier for action recommendation', NULL, TRUE, FALSE, NULL, 0.90039999999999998, 'LightGBM', 0.95799999999999996, NULL, 'Final_LightGBM_v1');
    END IF;
END $EF$;

DO $EF$
BEGIN
    IF NOT EXISTS(SELECT 1 FROM "__EFMigrationsHistory" WHERE "MigrationId" = '20260604173003_InitialCreate') THEN
    INSERT INTO "Roles" ("Id", "CreatedAt", "Description", "IsDeleted", "Name", "UpdatedAt")
    VALUES (1, TIMESTAMPTZ '2025-01-01T00:00:00Z', 'Full system access', FALSE, 'Admin', NULL);
    INSERT INTO "Roles" ("Id", "CreatedAt", "Description", "IsDeleted", "Name", "UpdatedAt")
    VALUES (2, TIMESTAMPTZ '2025-01-01T00:00:00Z', 'Human resources management', FALSE, 'HR', NULL);
    INSERT INTO "Roles" ("Id", "CreatedAt", "Description", "IsDeleted", "Name", "UpdatedAt")
    VALUES (3, TIMESTAMPTZ '2025-01-01T00:00:00Z', 'Team management', FALSE, 'Manager', NULL);
    INSERT INTO "Roles" ("Id", "CreatedAt", "Description", "IsDeleted", "Name", "UpdatedAt")
    VALUES (4, TIMESTAMPTZ '2025-01-01T00:00:00Z', 'Standard employee access', FALSE, 'Employee', NULL);
    END IF;
END $EF$;

DO $EF$
BEGIN
    IF NOT EXISTS(SELECT 1 FROM "__EFMigrationsHistory" WHERE "MigrationId" = '20260604173003_InitialCreate') THEN
    INSERT INTO "JobRoles" ("Id", "CreatedAt", "DepartmentId", "Description", "IsDeleted", "Name", "UpdatedAt")
    VALUES (1, TIMESTAMPTZ '2025-01-01T00:00:00Z', 1, NULL, FALSE, 'Software Engineer', NULL);
    INSERT INTO "JobRoles" ("Id", "CreatedAt", "DepartmentId", "Description", "IsDeleted", "Name", "UpdatedAt")
    VALUES (2, TIMESTAMPTZ '2025-01-01T00:00:00Z', 1, NULL, FALSE, 'Data Scientist', NULL);
    INSERT INTO "JobRoles" ("Id", "CreatedAt", "DepartmentId", "Description", "IsDeleted", "Name", "UpdatedAt")
    VALUES (3, TIMESTAMPTZ '2025-01-01T00:00:00Z', 2, NULL, FALSE, 'HR Specialist', NULL);
    INSERT INTO "JobRoles" ("Id", "CreatedAt", "DepartmentId", "Description", "IsDeleted", "Name", "UpdatedAt")
    VALUES (4, TIMESTAMPTZ '2025-01-01T00:00:00Z', 3, NULL, FALSE, 'Sales Executive', NULL);
    INSERT INTO "JobRoles" ("Id", "CreatedAt", "DepartmentId", "Description", "IsDeleted", "Name", "UpdatedAt")
    VALUES (5, TIMESTAMPTZ '2025-01-01T00:00:00Z', 5, NULL, FALSE, 'Operations Manager', NULL);
    INSERT INTO "JobRoles" ("Id", "CreatedAt", "DepartmentId", "Description", "IsDeleted", "Name", "UpdatedAt")
    VALUES (6, TIMESTAMPTZ '2025-01-01T00:00:00Z', 4, NULL, FALSE, 'Accountant', NULL);
    END IF;
END $EF$;

DO $EF$
BEGIN
    IF NOT EXISTS(SELECT 1 FROM "__EFMigrationsHistory" WHERE "MigrationId" = '20260604173003_InitialCreate') THEN
    INSERT INTO "Users" ("Id", "CreatedAt", "Email", "EmployeeId", "FullName", "IsActive", "IsDeleted", "PasswordHash", "RoleId", "UpdatedAt")
    VALUES (1, TIMESTAMPTZ '2025-01-01T00:00:00Z', 'admin@demo.com', NULL, 'Admin User', TRUE, FALSE, '$2a$11$zfRkFzsfjJ/dMsTdAhq.ie1gKjkUH6hRdzo.8yAZTQLLWgpwhQ4QC', 1, NULL);
    INSERT INTO "Users" ("Id", "CreatedAt", "Email", "EmployeeId", "FullName", "IsActive", "IsDeleted", "PasswordHash", "RoleId", "UpdatedAt")
    VALUES (2, TIMESTAMPTZ '2025-01-01T00:00:00Z', 'hr@demo.com', NULL, 'HR User', TRUE, FALSE, '$2a$11$nCoV4NjJ9bj4oP5K3riM2e4gNOPO0Kk3rKmwWZI2ne6gXrnPM.Rym', 2, NULL);
    END IF;
END $EF$;

DO $EF$
BEGIN
    IF NOT EXISTS(SELECT 1 FROM "__EFMigrationsHistory" WHERE "MigrationId" = '20260604173003_InitialCreate') THEN
    INSERT INTO "Employees" ("Id", "Age", "Attrition", "BusinessTravel", "CreatedAt", "DepartmentId", "DistanceFromHome", "Education", "EducationField", "Email", "EmployeeCode", "EnvironmentSatisfaction", "FullName", "Gender", "IsActive", "IsDeleted", "JobRoleId", "JobSatisfaction", "ManagerId", "MaritalStatus", "PerformanceScore", "TotalWorkingYears", "UpdatedAt", "WorkLifeBalance", "YearsAtCompany", "YearsInCurrentRole", "YearsWithCurrManager")
    VALUES (2, 40, 'No', 'Travel_Frequently', TIMESTAMPTZ '2025-01-01T00:00:00Z', 3, 10, '4', 'Business', 'manager@demo.com', 'MGR001', 4, 'Mehmet Yılmaz', 'Male', TRUE, FALSE, 4, 4, NULL, 'Married', 4.2000000000000002, 15, NULL, 3, 8, 5, 3);
    INSERT INTO "Employees" ("Id", "Age", "Attrition", "BusinessTravel", "CreatedAt", "DepartmentId", "DistanceFromHome", "Education", "EducationField", "Email", "EmployeeCode", "EnvironmentSatisfaction", "FullName", "Gender", "IsActive", "IsDeleted", "JobRoleId", "JobSatisfaction", "ManagerId", "MaritalStatus", "PerformanceScore", "TotalWorkingYears", "UpdatedAt", "WorkLifeBalance", "YearsAtCompany", "YearsInCurrentRole", "YearsWithCurrManager")
    VALUES (3, 28, 'No', 'Non-Travel', TIMESTAMPTZ '2025-01-01T00:00:00Z', 1, 3, '4', 'Computer Science', 'ali.demir@demo.com', 'EMP002', 4, 'Ali Demir', 'Male', TRUE, FALSE, 1, 3, NULL, 'Single', 3.7999999999999998, 5, NULL, 4, 3, 2, 2);
    INSERT INTO "Employees" ("Id", "Age", "Attrition", "BusinessTravel", "CreatedAt", "DepartmentId", "DistanceFromHome", "Education", "EducationField", "Email", "EmployeeCode", "EnvironmentSatisfaction", "FullName", "Gender", "IsActive", "IsDeleted", "JobRoleId", "JobSatisfaction", "ManagerId", "MaritalStatus", "PerformanceScore", "TotalWorkingYears", "UpdatedAt", "WorkLifeBalance", "YearsAtCompany", "YearsInCurrentRole", "YearsWithCurrManager")
    VALUES (1, 32, 'No', 'Travel_Rarely', TIMESTAMPTZ '2025-01-01T00:00:00Z', 3, 5, '3', 'Life Sciences', 'employee@demo.com', 'EMP001', 3, 'Ayşe Kaya', 'Female', TRUE, FALSE, 4, 4, 2, 'Single', 3.5, 8, NULL, 3, 5, 3, 2);
    END IF;
END $EF$;

DO $EF$
BEGIN
    IF NOT EXISTS(SELECT 1 FROM "__EFMigrationsHistory" WHERE "MigrationId" = '20260604173003_InitialCreate') THEN
    INSERT INTO "Users" ("Id", "CreatedAt", "Email", "EmployeeId", "FullName", "IsActive", "IsDeleted", "PasswordHash", "RoleId", "UpdatedAt")
    VALUES (3, TIMESTAMPTZ '2025-01-01T00:00:00Z', 'manager@demo.com', 2, 'Mehmet Yılmaz', TRUE, FALSE, '$2a$11$/EjKk6BgJtPAZjDW3H9zmeHaUMH.nbtF11lhEvhE7dISI5DPAlmcy', 3, NULL);
    END IF;
END $EF$;

DO $EF$
BEGIN
    IF NOT EXISTS(SELECT 1 FROM "__EFMigrationsHistory" WHERE "MigrationId" = '20260604173003_InitialCreate') THEN
    INSERT INTO "Assessments" ("Id", "CreatedAt", "CreatedByUserId", "CycleId", "EmployeeId", "IsDeleted", "OverallScore", "Status", "UpdatedAt")
    VALUES (1, TIMESTAMPTZ '2025-01-01T00:00:00Z', 2, 1, 1, FALSE, 3.5, 'Completed', NULL);
    END IF;
END $EF$;

DO $EF$
BEGIN
    IF NOT EXISTS(SELECT 1 FROM "__EFMigrationsHistory" WHERE "MigrationId" = '20260604173003_InitialCreate') THEN
    INSERT INTO "Users" ("Id", "CreatedAt", "Email", "EmployeeId", "FullName", "IsActive", "IsDeleted", "PasswordHash", "RoleId", "UpdatedAt")
    VALUES (4, TIMESTAMPTZ '2025-01-01T00:00:00Z', 'employee@demo.com', 1, 'Ayşe Kaya', TRUE, FALSE, '$2a$11$uDROGAG.L2IJ/zDLlS/UjOXaiCpVo7/QCchgwykadmU3HLEhjR/A2', 4, NULL);
    END IF;
END $EF$;

DO $EF$
BEGIN
    IF NOT EXISTS(SELECT 1 FROM "__EFMigrationsHistory" WHERE "MigrationId" = '20260604173003_InitialCreate') THEN
    INSERT INTO "AssessmentScores" ("Id", "AssessmentId", "CompetencyId", "CreatedAt", "EvaluatorType", "IsDeleted", "Score", "UpdatedAt")
    VALUES (1, 1, 1, TIMESTAMPTZ '2025-01-01T00:00:00Z', 'Manager', FALSE, 3.2000000000000002, NULL);
    INSERT INTO "AssessmentScores" ("Id", "AssessmentId", "CompetencyId", "CreatedAt", "EvaluatorType", "IsDeleted", "Score", "UpdatedAt")
    VALUES (2, 1, 2, TIMESTAMPTZ '2025-01-01T00:00:00Z', 'Manager', FALSE, 3.7000000000000002, NULL);
    INSERT INTO "AssessmentScores" ("Id", "AssessmentId", "CompetencyId", "CreatedAt", "EvaluatorType", "IsDeleted", "Score", "UpdatedAt")
    VALUES (3, 1, 3, TIMESTAMPTZ '2025-01-01T00:00:00Z', 'Manager', FALSE, 3.5, NULL);
    INSERT INTO "AssessmentScores" ("Id", "AssessmentId", "CompetencyId", "CreatedAt", "EvaluatorType", "IsDeleted", "Score", "UpdatedAt")
    VALUES (4, 1, 4, TIMESTAMPTZ '2025-01-01T00:00:00Z', 'Manager', FALSE, 3.1000000000000001, NULL);
    INSERT INTO "AssessmentScores" ("Id", "AssessmentId", "CompetencyId", "CreatedAt", "EvaluatorType", "IsDeleted", "Score", "UpdatedAt")
    VALUES (5, 1, 5, TIMESTAMPTZ '2025-01-01T00:00:00Z', 'Manager', FALSE, 3.0, NULL);
    INSERT INTO "AssessmentScores" ("Id", "AssessmentId", "CompetencyId", "CreatedAt", "EvaluatorType", "IsDeleted", "Score", "UpdatedAt")
    VALUES (6, 1, 6, TIMESTAMPTZ '2025-01-01T00:00:00Z', 'Manager', FALSE, 3.7999999999999998, NULL);
    INSERT INTO "AssessmentScores" ("Id", "AssessmentId", "CompetencyId", "CreatedAt", "EvaluatorType", "IsDeleted", "Score", "UpdatedAt")
    VALUES (7, 1, 7, TIMESTAMPTZ '2025-01-01T00:00:00Z', 'Manager', FALSE, 3.3999999999999999, NULL);
    INSERT INTO "AssessmentScores" ("Id", "AssessmentId", "CompetencyId", "CreatedAt", "EvaluatorType", "IsDeleted", "Score", "UpdatedAt")
    VALUES (8, 1, 8, TIMESTAMPTZ '2025-01-01T00:00:00Z', 'Manager', FALSE, 2.8999999999999999, NULL);
    INSERT INTO "AssessmentScores" ("Id", "AssessmentId", "CompetencyId", "CreatedAt", "EvaluatorType", "IsDeleted", "Score", "UpdatedAt")
    VALUES (9, 1, 9, TIMESTAMPTZ '2025-01-01T00:00:00Z', 'Manager', FALSE, 3.5, NULL);
    INSERT INTO "AssessmentScores" ("Id", "AssessmentId", "CompetencyId", "CreatedAt", "EvaluatorType", "IsDeleted", "Score", "UpdatedAt")
    VALUES (10, 1, 10, TIMESTAMPTZ '2025-01-01T00:00:00Z', 'Manager', FALSE, 3.0, NULL);
    INSERT INTO "AssessmentScores" ("Id", "AssessmentId", "CompetencyId", "CreatedAt", "EvaluatorType", "IsDeleted", "Score", "UpdatedAt")
    VALUES (11, 1, 11, TIMESTAMPTZ '2025-01-01T00:00:00Z', 'Manager', FALSE, 3.6000000000000001, NULL);
    INSERT INTO "AssessmentScores" ("Id", "AssessmentId", "CompetencyId", "CreatedAt", "EvaluatorType", "IsDeleted", "Score", "UpdatedAt")
    VALUES (12, 1, 12, TIMESTAMPTZ '2025-01-01T00:00:00Z', 'Manager', FALSE, 3.3999999999999999, NULL);
    INSERT INTO "AssessmentScores" ("Id", "AssessmentId", "CompetencyId", "CreatedAt", "EvaluatorType", "IsDeleted", "Score", "UpdatedAt")
    VALUES (13, 1, 13, TIMESTAMPTZ '2025-01-01T00:00:00Z', 'Manager', FALSE, 3.1000000000000001, NULL);
    END IF;
END $EF$;

DO $EF$
BEGIN
    IF NOT EXISTS(SELECT 1 FROM "__EFMigrationsHistory" WHERE "MigrationId" = '20260604173003_InitialCreate') THEN
    CREATE INDEX "IX_ActionPlanItems_ActionCatalogId" ON "ActionPlanItems" ("ActionCatalogId");
    END IF;
END $EF$;

DO $EF$
BEGIN
    IF NOT EXISTS(SELECT 1 FROM "__EFMigrationsHistory" WHERE "MigrationId" = '20260604173003_InitialCreate') THEN
    CREATE INDEX "IX_ActionPlanItems_ActionPlanId" ON "ActionPlanItems" ("ActionPlanId");
    END IF;
END $EF$;

DO $EF$
BEGIN
    IF NOT EXISTS(SELECT 1 FROM "__EFMigrationsHistory" WHERE "MigrationId" = '20260604173003_InitialCreate') THEN
    CREATE INDEX "IX_ActionPlanItems_AiPredictedActionId" ON "ActionPlanItems" ("AiPredictedActionId");
    END IF;
END $EF$;

DO $EF$
BEGIN
    IF NOT EXISTS(SELECT 1 FROM "__EFMigrationsHistory" WHERE "MigrationId" = '20260604173003_InitialCreate') THEN
    CREATE INDEX "IX_ActionPlans_CreatedByUserId" ON "ActionPlans" ("CreatedByUserId");
    END IF;
END $EF$;

DO $EF$
BEGIN
    IF NOT EXISTS(SELECT 1 FROM "__EFMigrationsHistory" WHERE "MigrationId" = '20260604173003_InitialCreate') THEN
    CREATE INDEX "IX_ActionPlans_EmployeeId" ON "ActionPlans" ("EmployeeId");
    END IF;
END $EF$;

DO $EF$
BEGIN
    IF NOT EXISTS(SELECT 1 FROM "__EFMigrationsHistory" WHERE "MigrationId" = '20260604173003_InitialCreate') THEN
    CREATE UNIQUE INDEX "UX_ActionPlans_AssessmentId_ActivePlan" ON "ActionPlans" ("AssessmentId") WHERE "IsDeleted" = false AND "Status" IN ('Draft', 'Edited', 'Approved', 'Sent');
    END IF;
END $EF$;

DO $EF$
BEGIN
    IF NOT EXISTS(SELECT 1 FROM "__EFMigrationsHistory" WHERE "MigrationId" = '20260604173003_InitialCreate') THEN
    CREATE INDEX "IX_AiPredictedActions_PredictionRunId" ON "AiPredictedActions" ("PredictionRunId");
    END IF;
END $EF$;

DO $EF$
BEGIN
    IF NOT EXISTS(SELECT 1 FROM "__EFMigrationsHistory" WHERE "MigrationId" = '20260604173003_InitialCreate') THEN
    CREATE INDEX "IX_AiPredictionRuns_AssessmentId" ON "AiPredictionRuns" ("AssessmentId");
    END IF;
END $EF$;

DO $EF$
BEGIN
    IF NOT EXISTS(SELECT 1 FROM "__EFMigrationsHistory" WHERE "MigrationId" = '20260604173003_InitialCreate') THEN
    CREATE INDEX "IX_AiPredictionRuns_ModelVersionId" ON "AiPredictionRuns" ("ModelVersionId");
    END IF;
END $EF$;

DO $EF$
BEGIN
    IF NOT EXISTS(SELECT 1 FROM "__EFMigrationsHistory" WHERE "MigrationId" = '20260604173003_InitialCreate') THEN
    CREATE INDEX "IX_AiPredictionRuns_RequestedByUserId" ON "AiPredictionRuns" ("RequestedByUserId");
    END IF;
END $EF$;

DO $EF$
BEGIN
    IF NOT EXISTS(SELECT 1 FROM "__EFMigrationsHistory" WHERE "MigrationId" = '20260604173003_InitialCreate') THEN
    CREATE INDEX "IX_Assessments_CreatedByUserId" ON "Assessments" ("CreatedByUserId");
    END IF;
END $EF$;

DO $EF$
BEGIN
    IF NOT EXISTS(SELECT 1 FROM "__EFMigrationsHistory" WHERE "MigrationId" = '20260604173003_InitialCreate') THEN
    CREATE INDEX "IX_Assessments_CycleId" ON "Assessments" ("CycleId");
    END IF;
END $EF$;

DO $EF$
BEGIN
    IF NOT EXISTS(SELECT 1 FROM "__EFMigrationsHistory" WHERE "MigrationId" = '20260604173003_InitialCreate') THEN
    CREATE INDEX "IX_Assessments_EmployeeId" ON "Assessments" ("EmployeeId");
    END IF;
END $EF$;

DO $EF$
BEGIN
    IF NOT EXISTS(SELECT 1 FROM "__EFMigrationsHistory" WHERE "MigrationId" = '20260604173003_InitialCreate') THEN
    CREATE INDEX "IX_AssessmentScores_AssessmentId" ON "AssessmentScores" ("AssessmentId");
    END IF;
END $EF$;

DO $EF$
BEGIN
    IF NOT EXISTS(SELECT 1 FROM "__EFMigrationsHistory" WHERE "MigrationId" = '20260604173003_InitialCreate') THEN
    CREATE INDEX "IX_AssessmentScores_CompetencyId" ON "AssessmentScores" ("CompetencyId");
    END IF;
END $EF$;

DO $EF$
BEGIN
    IF NOT EXISTS(SELECT 1 FROM "__EFMigrationsHistory" WHERE "MigrationId" = '20260604173003_InitialCreate') THEN
    CREATE UNIQUE INDEX "IX_Competencies_Code" ON "Competencies" ("Code");
    END IF;
END $EF$;

DO $EF$
BEGIN
    IF NOT EXISTS(SELECT 1 FROM "__EFMigrationsHistory" WHERE "MigrationId" = '20260604173003_InitialCreate') THEN
    CREATE UNIQUE INDEX "IX_Departments_Code" ON "Departments" ("Code");
    END IF;
END $EF$;

DO $EF$
BEGIN
    IF NOT EXISTS(SELECT 1 FROM "__EFMigrationsHistory" WHERE "MigrationId" = '20260604173003_InitialCreate') THEN
    CREATE INDEX "IX_Employees_DepartmentId" ON "Employees" ("DepartmentId");
    END IF;
END $EF$;

DO $EF$
BEGIN
    IF NOT EXISTS(SELECT 1 FROM "__EFMigrationsHistory" WHERE "MigrationId" = '20260604173003_InitialCreate') THEN
    CREATE UNIQUE INDEX "IX_Employees_Email" ON "Employees" ("Email");
    END IF;
END $EF$;

DO $EF$
BEGIN
    IF NOT EXISTS(SELECT 1 FROM "__EFMigrationsHistory" WHERE "MigrationId" = '20260604173003_InitialCreate') THEN
    CREATE UNIQUE INDEX "IX_Employees_EmployeeCode" ON "Employees" ("EmployeeCode");
    END IF;
END $EF$;

DO $EF$
BEGIN
    IF NOT EXISTS(SELECT 1 FROM "__EFMigrationsHistory" WHERE "MigrationId" = '20260604173003_InitialCreate') THEN
    CREATE INDEX "IX_Employees_JobRoleId" ON "Employees" ("JobRoleId");
    END IF;
END $EF$;

DO $EF$
BEGIN
    IF NOT EXISTS(SELECT 1 FROM "__EFMigrationsHistory" WHERE "MigrationId" = '20260604173003_InitialCreate') THEN
    CREATE INDEX "IX_Employees_ManagerId" ON "Employees" ("ManagerId");
    END IF;
END $EF$;

DO $EF$
BEGIN
    IF NOT EXISTS(SELECT 1 FROM "__EFMigrationsHistory" WHERE "MigrationId" = '20260604173003_InitialCreate') THEN
    CREATE INDEX "IX_EmployeeTasks_AssignedByUserId" ON "EmployeeTasks" ("AssignedByUserId");
    END IF;
END $EF$;

DO $EF$
BEGIN
    IF NOT EXISTS(SELECT 1 FROM "__EFMigrationsHistory" WHERE "MigrationId" = '20260604173003_InitialCreate') THEN
    CREATE INDEX "IX_EmployeeTasks_EmployeeId" ON "EmployeeTasks" ("EmployeeId");
    END IF;
END $EF$;

DO $EF$
BEGIN
    IF NOT EXISTS(SELECT 1 FROM "__EFMigrationsHistory" WHERE "MigrationId" = '20260604173003_InitialCreate') THEN
    CREATE UNIQUE INDEX "UX_EmployeeTasks_ActionPlanItemId_Active" ON "EmployeeTasks" ("ActionPlanItemId") WHERE "IsDeleted" = false;
    END IF;
END $EF$;

DO $EF$
BEGIN
    IF NOT EXISTS(SELECT 1 FROM "__EFMigrationsHistory" WHERE "MigrationId" = '20260604173003_InitialCreate') THEN
    CREATE INDEX "IX_FeedbackComments_AssessmentId" ON "FeedbackComments" ("AssessmentId");
    END IF;
END $EF$;

DO $EF$
BEGIN
    IF NOT EXISTS(SELECT 1 FROM "__EFMigrationsHistory" WHERE "MigrationId" = '20260604173003_InitialCreate') THEN
    CREATE INDEX "IX_JobRoles_DepartmentId" ON "JobRoles" ("DepartmentId");
    END IF;
END $EF$;

DO $EF$
BEGIN
    IF NOT EXISTS(SELECT 1 FROM "__EFMigrationsHistory" WHERE "MigrationId" = '20260604173003_InitialCreate') THEN
    CREATE UNIQUE INDEX "IX_RefreshTokens_TokenHash" ON "RefreshTokens" ("TokenHash");
    END IF;
END $EF$;

DO $EF$
BEGIN
    IF NOT EXISTS(SELECT 1 FROM "__EFMigrationsHistory" WHERE "MigrationId" = '20260604173003_InitialCreate') THEN
    CREATE INDEX "IX_RefreshTokens_UserId" ON "RefreshTokens" ("UserId");
    END IF;
END $EF$;

DO $EF$
BEGIN
    IF NOT EXISTS(SELECT 1 FROM "__EFMigrationsHistory" WHERE "MigrationId" = '20260604173003_InitialCreate') THEN
    CREATE UNIQUE INDEX "IX_Roles_Name" ON "Roles" ("Name");
    END IF;
END $EF$;

DO $EF$
BEGIN
    IF NOT EXISTS(SELECT 1 FROM "__EFMigrationsHistory" WHERE "MigrationId" = '20260604173003_InitialCreate') THEN
    CREATE INDEX "IX_TaskComments_TaskId" ON "TaskComments" ("TaskId");
    END IF;
END $EF$;

DO $EF$
BEGIN
    IF NOT EXISTS(SELECT 1 FROM "__EFMigrationsHistory" WHERE "MigrationId" = '20260604173003_InitialCreate') THEN
    CREATE INDEX "IX_TaskComments_UserId" ON "TaskComments" ("UserId");
    END IF;
END $EF$;

DO $EF$
BEGIN
    IF NOT EXISTS(SELECT 1 FROM "__EFMigrationsHistory" WHERE "MigrationId" = '20260604173003_InitialCreate') THEN
    CREATE UNIQUE INDEX "IX_Users_Email" ON "Users" ("Email");
    END IF;
END $EF$;

DO $EF$
BEGIN
    IF NOT EXISTS(SELECT 1 FROM "__EFMigrationsHistory" WHERE "MigrationId" = '20260604173003_InitialCreate') THEN
    CREATE INDEX "IX_Users_EmployeeId" ON "Users" ("EmployeeId");
    END IF;
END $EF$;

DO $EF$
BEGIN
    IF NOT EXISTS(SELECT 1 FROM "__EFMigrationsHistory" WHERE "MigrationId" = '20260604173003_InitialCreate') THEN
    CREATE INDEX "IX_Users_RoleId" ON "Users" ("RoleId");
    END IF;
END $EF$;

DO $EF$
BEGIN
    IF NOT EXISTS(SELECT 1 FROM "__EFMigrationsHistory" WHERE "MigrationId" = '20260604173003_InitialCreate') THEN
    PERFORM setval(
        pg_get_serial_sequence('"AssessmentCycles"', 'Id'),
        GREATEST(
            (SELECT MAX("Id") FROM "AssessmentCycles") + 1,
            nextval(pg_get_serial_sequence('"AssessmentCycles"', 'Id'))),
        false);
    PERFORM setval(
        pg_get_serial_sequence('"Competencies"', 'Id'),
        GREATEST(
            (SELECT MAX("Id") FROM "Competencies") + 1,
            nextval(pg_get_serial_sequence('"Competencies"', 'Id'))),
        false);
    PERFORM setval(
        pg_get_serial_sequence('"Departments"', 'Id'),
        GREATEST(
            (SELECT MAX("Id") FROM "Departments") + 1,
            nextval(pg_get_serial_sequence('"Departments"', 'Id'))),
        false);
    PERFORM setval(
        pg_get_serial_sequence('"ModelVersions"', 'Id'),
        GREATEST(
            (SELECT MAX("Id") FROM "ModelVersions") + 1,
            nextval(pg_get_serial_sequence('"ModelVersions"', 'Id'))),
        false);
    PERFORM setval(
        pg_get_serial_sequence('"Roles"', 'Id'),
        GREATEST(
            (SELECT MAX("Id") FROM "Roles") + 1,
            nextval(pg_get_serial_sequence('"Roles"', 'Id'))),
        false);
    PERFORM setval(
        pg_get_serial_sequence('"JobRoles"', 'Id'),
        GREATEST(
            (SELECT MAX("Id") FROM "JobRoles") + 1,
            nextval(pg_get_serial_sequence('"JobRoles"', 'Id'))),
        false);
    PERFORM setval(
        pg_get_serial_sequence('"Users"', 'Id'),
        GREATEST(
            (SELECT MAX("Id") FROM "Users") + 1,
            nextval(pg_get_serial_sequence('"Users"', 'Id'))),
        false);
    PERFORM setval(
        pg_get_serial_sequence('"Employees"', 'Id'),
        GREATEST(
            (SELECT MAX("Id") FROM "Employees") + 1,
            nextval(pg_get_serial_sequence('"Employees"', 'Id'))),
        false);
    PERFORM setval(
        pg_get_serial_sequence('"Assessments"', 'Id'),
        GREATEST(
            (SELECT MAX("Id") FROM "Assessments") + 1,
            nextval(pg_get_serial_sequence('"Assessments"', 'Id'))),
        false);
    PERFORM setval(
        pg_get_serial_sequence('"AssessmentScores"', 'Id'),
        GREATEST(
            (SELECT MAX("Id") FROM "AssessmentScores") + 1,
            nextval(pg_get_serial_sequence('"AssessmentScores"', 'Id'))),
        false);
    END IF;
END $EF$;

DO $EF$
BEGIN
    IF NOT EXISTS(SELECT 1 FROM "__EFMigrationsHistory" WHERE "MigrationId" = '20260604173003_InitialCreate') THEN
    INSERT INTO "__EFMigrationsHistory" ("MigrationId", "ProductVersion")
    VALUES ('20260604173003_InitialCreate', '10.0.4');
    END IF;
END $EF$;
COMMIT;

START TRANSACTION;

DO $EF$
BEGIN
    IF NOT EXISTS(SELECT 1 FROM "__EFMigrationsHistory" WHERE "MigrationId" = '20260606231333_Add360EvaluatorSupport') THEN
    ALTER TABLE "AssessmentScores" ADD "EvaluatorEmployeeId" integer NOT NULL DEFAULT 0;
    END IF;
END $EF$;

DO $EF$
BEGIN
    IF NOT EXISTS(SELECT 1 FROM "__EFMigrationsHistory" WHERE "MigrationId" = '20260606231333_Add360EvaluatorSupport') THEN
    CREATE TABLE "AssessmentAssignments" (
        "Id" integer GENERATED BY DEFAULT AS IDENTITY,
        "AssessmentId" integer NOT NULL,
        "EvaluatorEmployeeId" integer NOT NULL,
        "EvaluatorType" character varying(50) NOT NULL,
        "IsCompleted" boolean NOT NULL,
        "CompletedAt" timestamp with time zone,
        "CreatedAt" timestamp with time zone NOT NULL,
        "UpdatedAt" timestamp with time zone,
        "IsDeleted" boolean NOT NULL,
        CONSTRAINT "PK_AssessmentAssignments" PRIMARY KEY ("Id"),
        CONSTRAINT "FK_AssessmentAssignments_Assessments_AssessmentId" FOREIGN KEY ("AssessmentId") REFERENCES "Assessments" ("Id") ON DELETE RESTRICT,
        CONSTRAINT "FK_AssessmentAssignments_Employees_EvaluatorEmployeeId" FOREIGN KEY ("EvaluatorEmployeeId") REFERENCES "Employees" ("Id") ON DELETE RESTRICT
    );
    END IF;
END $EF$;

DO $EF$
BEGIN
    IF NOT EXISTS(SELECT 1 FROM "__EFMigrationsHistory" WHERE "MigrationId" = '20260606231333_Add360EvaluatorSupport') THEN
    INSERT INTO "AssessmentAssignments" ("Id", "AssessmentId", "CompletedAt", "CreatedAt", "EvaluatorEmployeeId", "EvaluatorType", "IsCompleted", "IsDeleted", "UpdatedAt")
    VALUES (1, 1, TIMESTAMPTZ '2025-01-01T00:00:00Z', TIMESTAMPTZ '2025-01-01T00:00:00Z', 1, 'Self', TRUE, FALSE, NULL);
    INSERT INTO "AssessmentAssignments" ("Id", "AssessmentId", "CompletedAt", "CreatedAt", "EvaluatorEmployeeId", "EvaluatorType", "IsCompleted", "IsDeleted", "UpdatedAt")
    VALUES (2, 1, TIMESTAMPTZ '2025-01-01T00:00:00Z', TIMESTAMPTZ '2025-01-01T00:00:00Z', 2, 'Manager', TRUE, FALSE, NULL);
    INSERT INTO "AssessmentAssignments" ("Id", "AssessmentId", "CompletedAt", "CreatedAt", "EvaluatorEmployeeId", "EvaluatorType", "IsCompleted", "IsDeleted", "UpdatedAt")
    VALUES (3, 1, TIMESTAMPTZ '2025-01-01T00:00:00Z', TIMESTAMPTZ '2025-01-01T00:00:00Z', 3, 'Peer', TRUE, FALSE, NULL);
    END IF;
END $EF$;

DO $EF$
BEGIN
    IF NOT EXISTS(SELECT 1 FROM "__EFMigrationsHistory" WHERE "MigrationId" = '20260606231333_Add360EvaluatorSupport') THEN
    UPDATE "AssessmentScores" SET "EvaluatorEmployeeId" = 1, "EvaluatorType" = 'Self', "Score" = 3.5
    WHERE "Id" = 1;
    END IF;
END $EF$;

DO $EF$
BEGIN
    IF NOT EXISTS(SELECT 1 FROM "__EFMigrationsHistory" WHERE "MigrationId" = '20260606231333_Add360EvaluatorSupport') THEN
    UPDATE "AssessmentScores" SET "EvaluatorEmployeeId" = 1, "EvaluatorType" = 'Self', "Score" = 3.7999999999999998
    WHERE "Id" = 2;
    END IF;
END $EF$;

DO $EF$
BEGIN
    IF NOT EXISTS(SELECT 1 FROM "__EFMigrationsHistory" WHERE "MigrationId" = '20260606231333_Add360EvaluatorSupport') THEN
    UPDATE "AssessmentScores" SET "EvaluatorEmployeeId" = 1, "EvaluatorType" = 'Self', "Score" = 3.6000000000000001
    WHERE "Id" = 3;
    END IF;
END $EF$;

DO $EF$
BEGIN
    IF NOT EXISTS(SELECT 1 FROM "__EFMigrationsHistory" WHERE "MigrationId" = '20260606231333_Add360EvaluatorSupport') THEN
    UPDATE "AssessmentScores" SET "EvaluatorEmployeeId" = 1, "EvaluatorType" = 'Self', "Score" = 3.2999999999999998
    WHERE "Id" = 4;
    END IF;
END $EF$;

DO $EF$
BEGIN
    IF NOT EXISTS(SELECT 1 FROM "__EFMigrationsHistory" WHERE "MigrationId" = '20260606231333_Add360EvaluatorSupport') THEN
    UPDATE "AssessmentScores" SET "EvaluatorEmployeeId" = 1, "EvaluatorType" = 'Self', "Score" = 3.2000000000000002
    WHERE "Id" = 5;
    END IF;
END $EF$;

DO $EF$
BEGIN
    IF NOT EXISTS(SELECT 1 FROM "__EFMigrationsHistory" WHERE "MigrationId" = '20260606231333_Add360EvaluatorSupport') THEN
    UPDATE "AssessmentScores" SET "EvaluatorEmployeeId" = 1, "EvaluatorType" = 'Self', "Score" = 3.8999999999999999
    WHERE "Id" = 6;
    END IF;
END $EF$;

DO $EF$
BEGIN
    IF NOT EXISTS(SELECT 1 FROM "__EFMigrationsHistory" WHERE "MigrationId" = '20260606231333_Add360EvaluatorSupport') THEN
    UPDATE "AssessmentScores" SET "EvaluatorEmployeeId" = 1, "EvaluatorType" = 'Self', "Score" = 3.6000000000000001
    WHERE "Id" = 7;
    END IF;
END $EF$;

DO $EF$
BEGIN
    IF NOT EXISTS(SELECT 1 FROM "__EFMigrationsHistory" WHERE "MigrationId" = '20260606231333_Add360EvaluatorSupport') THEN
    UPDATE "AssessmentScores" SET "EvaluatorEmployeeId" = 1, "EvaluatorType" = 'Self', "Score" = 3.1000000000000001
    WHERE "Id" = 8;
    END IF;
END $EF$;

DO $EF$
BEGIN
    IF NOT EXISTS(SELECT 1 FROM "__EFMigrationsHistory" WHERE "MigrationId" = '20260606231333_Add360EvaluatorSupport') THEN
    UPDATE "AssessmentScores" SET "EvaluatorEmployeeId" = 1, "EvaluatorType" = 'Self', "Score" = 3.7000000000000002
    WHERE "Id" = 9;
    END IF;
END $EF$;

DO $EF$
BEGIN
    IF NOT EXISTS(SELECT 1 FROM "__EFMigrationsHistory" WHERE "MigrationId" = '20260606231333_Add360EvaluatorSupport') THEN
    UPDATE "AssessmentScores" SET "EvaluatorEmployeeId" = 1, "EvaluatorType" = 'Self', "Score" = 3.2000000000000002
    WHERE "Id" = 10;
    END IF;
END $EF$;

DO $EF$
BEGIN
    IF NOT EXISTS(SELECT 1 FROM "__EFMigrationsHistory" WHERE "MigrationId" = '20260606231333_Add360EvaluatorSupport') THEN
    UPDATE "AssessmentScores" SET "EvaluatorEmployeeId" = 1, "EvaluatorType" = 'Self', "Score" = 3.7999999999999998
    WHERE "Id" = 11;
    END IF;
END $EF$;

DO $EF$
BEGIN
    IF NOT EXISTS(SELECT 1 FROM "__EFMigrationsHistory" WHERE "MigrationId" = '20260606231333_Add360EvaluatorSupport') THEN
    UPDATE "AssessmentScores" SET "EvaluatorEmployeeId" = 1, "EvaluatorType" = 'Self', "Score" = 3.6000000000000001
    WHERE "Id" = 12;
    END IF;
END $EF$;

DO $EF$
BEGIN
    IF NOT EXISTS(SELECT 1 FROM "__EFMigrationsHistory" WHERE "MigrationId" = '20260606231333_Add360EvaluatorSupport') THEN
    UPDATE "AssessmentScores" SET "EvaluatorEmployeeId" = 1, "EvaluatorType" = 'Self', "Score" = 3.2999999999999998
    WHERE "Id" = 13;
    END IF;
END $EF$;

DO $EF$
BEGIN
    IF NOT EXISTS(SELECT 1 FROM "__EFMigrationsHistory" WHERE "MigrationId" = '20260606231333_Add360EvaluatorSupport') THEN
    INSERT INTO "AssessmentScores" ("Id", "AssessmentId", "CompetencyId", "CreatedAt", "EvaluatorEmployeeId", "EvaluatorType", "IsDeleted", "Score", "UpdatedAt")
    VALUES (14, 1, 1, TIMESTAMPTZ '2025-01-01T00:00:00Z', 2, 'Manager', FALSE, 3.2000000000000002, NULL);
    INSERT INTO "AssessmentScores" ("Id", "AssessmentId", "CompetencyId", "CreatedAt", "EvaluatorEmployeeId", "EvaluatorType", "IsDeleted", "Score", "UpdatedAt")
    VALUES (15, 1, 2, TIMESTAMPTZ '2025-01-01T00:00:00Z', 2, 'Manager', FALSE, 3.7000000000000002, NULL);
    INSERT INTO "AssessmentScores" ("Id", "AssessmentId", "CompetencyId", "CreatedAt", "EvaluatorEmployeeId", "EvaluatorType", "IsDeleted", "Score", "UpdatedAt")
    VALUES (16, 1, 3, TIMESTAMPTZ '2025-01-01T00:00:00Z', 2, 'Manager', FALSE, 3.5, NULL);
    INSERT INTO "AssessmentScores" ("Id", "AssessmentId", "CompetencyId", "CreatedAt", "EvaluatorEmployeeId", "EvaluatorType", "IsDeleted", "Score", "UpdatedAt")
    VALUES (17, 1, 4, TIMESTAMPTZ '2025-01-01T00:00:00Z', 2, 'Manager', FALSE, 3.1000000000000001, NULL);
    INSERT INTO "AssessmentScores" ("Id", "AssessmentId", "CompetencyId", "CreatedAt", "EvaluatorEmployeeId", "EvaluatorType", "IsDeleted", "Score", "UpdatedAt")
    VALUES (18, 1, 5, TIMESTAMPTZ '2025-01-01T00:00:00Z', 2, 'Manager', FALSE, 3.0, NULL);
    INSERT INTO "AssessmentScores" ("Id", "AssessmentId", "CompetencyId", "CreatedAt", "EvaluatorEmployeeId", "EvaluatorType", "IsDeleted", "Score", "UpdatedAt")
    VALUES (19, 1, 6, TIMESTAMPTZ '2025-01-01T00:00:00Z', 2, 'Manager', FALSE, 3.7999999999999998, NULL);
    INSERT INTO "AssessmentScores" ("Id", "AssessmentId", "CompetencyId", "CreatedAt", "EvaluatorEmployeeId", "EvaluatorType", "IsDeleted", "Score", "UpdatedAt")
    VALUES (20, 1, 7, TIMESTAMPTZ '2025-01-01T00:00:00Z', 2, 'Manager', FALSE, 3.3999999999999999, NULL);
    INSERT INTO "AssessmentScores" ("Id", "AssessmentId", "CompetencyId", "CreatedAt", "EvaluatorEmployeeId", "EvaluatorType", "IsDeleted", "Score", "UpdatedAt")
    VALUES (21, 1, 8, TIMESTAMPTZ '2025-01-01T00:00:00Z', 2, 'Manager', FALSE, 2.8999999999999999, NULL);
    INSERT INTO "AssessmentScores" ("Id", "AssessmentId", "CompetencyId", "CreatedAt", "EvaluatorEmployeeId", "EvaluatorType", "IsDeleted", "Score", "UpdatedAt")
    VALUES (22, 1, 9, TIMESTAMPTZ '2025-01-01T00:00:00Z', 2, 'Manager', FALSE, 3.5, NULL);
    INSERT INTO "AssessmentScores" ("Id", "AssessmentId", "CompetencyId", "CreatedAt", "EvaluatorEmployeeId", "EvaluatorType", "IsDeleted", "Score", "UpdatedAt")
    VALUES (23, 1, 10, TIMESTAMPTZ '2025-01-01T00:00:00Z', 2, 'Manager', FALSE, 3.0, NULL);
    INSERT INTO "AssessmentScores" ("Id", "AssessmentId", "CompetencyId", "CreatedAt", "EvaluatorEmployeeId", "EvaluatorType", "IsDeleted", "Score", "UpdatedAt")
    VALUES (24, 1, 11, TIMESTAMPTZ '2025-01-01T00:00:00Z', 2, 'Manager', FALSE, 3.6000000000000001, NULL);
    INSERT INTO "AssessmentScores" ("Id", "AssessmentId", "CompetencyId", "CreatedAt", "EvaluatorEmployeeId", "EvaluatorType", "IsDeleted", "Score", "UpdatedAt")
    VALUES (25, 1, 12, TIMESTAMPTZ '2025-01-01T00:00:00Z', 2, 'Manager', FALSE, 3.3999999999999999, NULL);
    INSERT INTO "AssessmentScores" ("Id", "AssessmentId", "CompetencyId", "CreatedAt", "EvaluatorEmployeeId", "EvaluatorType", "IsDeleted", "Score", "UpdatedAt")
    VALUES (26, 1, 13, TIMESTAMPTZ '2025-01-01T00:00:00Z', 2, 'Manager', FALSE, 3.1000000000000001, NULL);
    INSERT INTO "AssessmentScores" ("Id", "AssessmentId", "CompetencyId", "CreatedAt", "EvaluatorEmployeeId", "EvaluatorType", "IsDeleted", "Score", "UpdatedAt")
    VALUES (27, 1, 1, TIMESTAMPTZ '2025-01-01T00:00:00Z', 3, 'Peer', FALSE, 3.0, NULL);
    INSERT INTO "AssessmentScores" ("Id", "AssessmentId", "CompetencyId", "CreatedAt", "EvaluatorEmployeeId", "EvaluatorType", "IsDeleted", "Score", "UpdatedAt")
    VALUES (28, 1, 2, TIMESTAMPTZ '2025-01-01T00:00:00Z', 3, 'Peer', FALSE, 3.5, NULL);
    INSERT INTO "AssessmentScores" ("Id", "AssessmentId", "CompetencyId", "CreatedAt", "EvaluatorEmployeeId", "EvaluatorType", "IsDeleted", "Score", "UpdatedAt")
    VALUES (29, 1, 3, TIMESTAMPTZ '2025-01-01T00:00:00Z', 3, 'Peer', FALSE, 3.2999999999999998, NULL);
    INSERT INTO "AssessmentScores" ("Id", "AssessmentId", "CompetencyId", "CreatedAt", "EvaluatorEmployeeId", "EvaluatorType", "IsDeleted", "Score", "UpdatedAt")
    VALUES (30, 1, 4, TIMESTAMPTZ '2025-01-01T00:00:00Z', 3, 'Peer', FALSE, 3.0, NULL);
    INSERT INTO "AssessmentScores" ("Id", "AssessmentId", "CompetencyId", "CreatedAt", "EvaluatorEmployeeId", "EvaluatorType", "IsDeleted", "Score", "UpdatedAt")
    VALUES (31, 1, 5, TIMESTAMPTZ '2025-01-01T00:00:00Z', 3, 'Peer', FALSE, 2.8999999999999999, NULL);
    INSERT INTO "AssessmentScores" ("Id", "AssessmentId", "CompetencyId", "CreatedAt", "EvaluatorEmployeeId", "EvaluatorType", "IsDeleted", "Score", "UpdatedAt")
    VALUES (32, 1, 6, TIMESTAMPTZ '2025-01-01T00:00:00Z', 3, 'Peer', FALSE, 3.6000000000000001, NULL);
    INSERT INTO "AssessmentScores" ("Id", "AssessmentId", "CompetencyId", "CreatedAt", "EvaluatorEmployeeId", "EvaluatorType", "IsDeleted", "Score", "UpdatedAt")
    VALUES (33, 1, 7, TIMESTAMPTZ '2025-01-01T00:00:00Z', 3, 'Peer', FALSE, 3.2000000000000002, NULL);
    INSERT INTO "AssessmentScores" ("Id", "AssessmentId", "CompetencyId", "CreatedAt", "EvaluatorEmployeeId", "EvaluatorType", "IsDeleted", "Score", "UpdatedAt")
    VALUES (34, 1, 8, TIMESTAMPTZ '2025-01-01T00:00:00Z', 3, 'Peer', FALSE, 2.7999999999999998, NULL);
    INSERT INTO "AssessmentScores" ("Id", "AssessmentId", "CompetencyId", "CreatedAt", "EvaluatorEmployeeId", "EvaluatorType", "IsDeleted", "Score", "UpdatedAt")
    VALUES (35, 1, 9, TIMESTAMPTZ '2025-01-01T00:00:00Z', 3, 'Peer', FALSE, 3.2999999999999998, NULL);
    INSERT INTO "AssessmentScores" ("Id", "AssessmentId", "CompetencyId", "CreatedAt", "EvaluatorEmployeeId", "EvaluatorType", "IsDeleted", "Score", "UpdatedAt")
    VALUES (36, 1, 10, TIMESTAMPTZ '2025-01-01T00:00:00Z', 3, 'Peer', FALSE, 2.8999999999999999, NULL);
    INSERT INTO "AssessmentScores" ("Id", "AssessmentId", "CompetencyId", "CreatedAt", "EvaluatorEmployeeId", "EvaluatorType", "IsDeleted", "Score", "UpdatedAt")
    VALUES (37, 1, 11, TIMESTAMPTZ '2025-01-01T00:00:00Z', 3, 'Peer', FALSE, 3.3999999999999999, NULL);
    INSERT INTO "AssessmentScores" ("Id", "AssessmentId", "CompetencyId", "CreatedAt", "EvaluatorEmployeeId", "EvaluatorType", "IsDeleted", "Score", "UpdatedAt")
    VALUES (38, 1, 12, TIMESTAMPTZ '2025-01-01T00:00:00Z', 3, 'Peer', FALSE, 3.2000000000000002, NULL);
    INSERT INTO "AssessmentScores" ("Id", "AssessmentId", "CompetencyId", "CreatedAt", "EvaluatorEmployeeId", "EvaluatorType", "IsDeleted", "Score", "UpdatedAt")
    VALUES (39, 1, 13, TIMESTAMPTZ '2025-01-01T00:00:00Z', 3, 'Peer', FALSE, 3.0, NULL);
    END IF;
END $EF$;

DO $EF$
BEGIN
    IF NOT EXISTS(SELECT 1 FROM "__EFMigrationsHistory" WHERE "MigrationId" = '20260606231333_Add360EvaluatorSupport') THEN
    INSERT INTO "Employees" ("Id", "Age", "Attrition", "BusinessTravel", "CreatedAt", "DepartmentId", "DistanceFromHome", "Education", "EducationField", "Email", "EmployeeCode", "EnvironmentSatisfaction", "FullName", "Gender", "IsActive", "IsDeleted", "JobRoleId", "JobSatisfaction", "ManagerId", "MaritalStatus", "PerformanceScore", "TotalWorkingYears", "UpdatedAt", "WorkLifeBalance", "YearsAtCompany", "YearsInCurrentRole", "YearsWithCurrManager")
    VALUES (4, 30, 'No', 'Travel_Rarely', TIMESTAMPTZ '2025-01-01T00:00:00Z', 3, 7, '3', 'Marketing', 'zeynep.arslan@demo.com', 'EMP003', 3, 'Zeynep Arslan', 'Female', TRUE, FALSE, 4, 4, 2, 'Married', 3.6000000000000001, 7, NULL, 3, 4, 2, 2);
    END IF;
END $EF$;

DO $EF$
BEGIN
    IF NOT EXISTS(SELECT 1 FROM "__EFMigrationsHistory" WHERE "MigrationId" = '20260606231333_Add360EvaluatorSupport') THEN
    INSERT INTO "AssessmentAssignments" ("Id", "AssessmentId", "CompletedAt", "CreatedAt", "EvaluatorEmployeeId", "EvaluatorType", "IsCompleted", "IsDeleted", "UpdatedAt")
    VALUES (4, 1, NULL, TIMESTAMPTZ '2025-01-01T00:00:00Z', 4, 'Peer', FALSE, FALSE, NULL);
    END IF;
END $EF$;

DO $EF$
BEGIN
    IF NOT EXISTS(SELECT 1 FROM "__EFMigrationsHistory" WHERE "MigrationId" = '20260606231333_Add360EvaluatorSupport') THEN
    INSERT INTO "AssessmentScores" ("Id", "AssessmentId", "CompetencyId", "CreatedAt", "EvaluatorEmployeeId", "EvaluatorType", "IsDeleted", "Score", "UpdatedAt")
    VALUES (40, 1, 1, TIMESTAMPTZ '2025-01-01T00:00:00Z', 4, 'Peer', FALSE, 3.1000000000000001, NULL);
    INSERT INTO "AssessmentScores" ("Id", "AssessmentId", "CompetencyId", "CreatedAt", "EvaluatorEmployeeId", "EvaluatorType", "IsDeleted", "Score", "UpdatedAt")
    VALUES (41, 1, 2, TIMESTAMPTZ '2025-01-01T00:00:00Z', 4, 'Peer', FALSE, 3.6000000000000001, NULL);
    INSERT INTO "AssessmentScores" ("Id", "AssessmentId", "CompetencyId", "CreatedAt", "EvaluatorEmployeeId", "EvaluatorType", "IsDeleted", "Score", "UpdatedAt")
    VALUES (42, 1, 3, TIMESTAMPTZ '2025-01-01T00:00:00Z', 4, 'Peer', FALSE, 3.3999999999999999, NULL);
    INSERT INTO "AssessmentScores" ("Id", "AssessmentId", "CompetencyId", "CreatedAt", "EvaluatorEmployeeId", "EvaluatorType", "IsDeleted", "Score", "UpdatedAt")
    VALUES (43, 1, 4, TIMESTAMPTZ '2025-01-01T00:00:00Z', 4, 'Peer', FALSE, 3.2000000000000002, NULL);
    INSERT INTO "AssessmentScores" ("Id", "AssessmentId", "CompetencyId", "CreatedAt", "EvaluatorEmployeeId", "EvaluatorType", "IsDeleted", "Score", "UpdatedAt")
    VALUES (44, 1, 5, TIMESTAMPTZ '2025-01-01T00:00:00Z', 4, 'Peer', FALSE, 3.0, NULL);
    INSERT INTO "AssessmentScores" ("Id", "AssessmentId", "CompetencyId", "CreatedAt", "EvaluatorEmployeeId", "EvaluatorType", "IsDeleted", "Score", "UpdatedAt")
    VALUES (45, 1, 6, TIMESTAMPTZ '2025-01-01T00:00:00Z', 4, 'Peer', FALSE, 3.7000000000000002, NULL);
    INSERT INTO "AssessmentScores" ("Id", "AssessmentId", "CompetencyId", "CreatedAt", "EvaluatorEmployeeId", "EvaluatorType", "IsDeleted", "Score", "UpdatedAt")
    VALUES (46, 1, 7, TIMESTAMPTZ '2025-01-01T00:00:00Z', 4, 'Peer', FALSE, 3.2999999999999998, NULL);
    INSERT INTO "AssessmentScores" ("Id", "AssessmentId", "CompetencyId", "CreatedAt", "EvaluatorEmployeeId", "EvaluatorType", "IsDeleted", "Score", "UpdatedAt")
    VALUES (47, 1, 8, TIMESTAMPTZ '2025-01-01T00:00:00Z', 4, 'Peer', FALSE, 3.0, NULL);
    INSERT INTO "AssessmentScores" ("Id", "AssessmentId", "CompetencyId", "CreatedAt", "EvaluatorEmployeeId", "EvaluatorType", "IsDeleted", "Score", "UpdatedAt")
    VALUES (48, 1, 9, TIMESTAMPTZ '2025-01-01T00:00:00Z', 4, 'Peer', FALSE, 3.3999999999999999, NULL);
    INSERT INTO "AssessmentScores" ("Id", "AssessmentId", "CompetencyId", "CreatedAt", "EvaluatorEmployeeId", "EvaluatorType", "IsDeleted", "Score", "UpdatedAt")
    VALUES (49, 1, 10, TIMESTAMPTZ '2025-01-01T00:00:00Z', 4, 'Peer', FALSE, 3.1000000000000001, NULL);
    INSERT INTO "AssessmentScores" ("Id", "AssessmentId", "CompetencyId", "CreatedAt", "EvaluatorEmployeeId", "EvaluatorType", "IsDeleted", "Score", "UpdatedAt")
    VALUES (50, 1, 11, TIMESTAMPTZ '2025-01-01T00:00:00Z', 4, 'Peer', FALSE, 3.5, NULL);
    INSERT INTO "AssessmentScores" ("Id", "AssessmentId", "CompetencyId", "CreatedAt", "EvaluatorEmployeeId", "EvaluatorType", "IsDeleted", "Score", "UpdatedAt")
    VALUES (51, 1, 12, TIMESTAMPTZ '2025-01-01T00:00:00Z', 4, 'Peer', FALSE, 3.2999999999999998, NULL);
    INSERT INTO "AssessmentScores" ("Id", "AssessmentId", "CompetencyId", "CreatedAt", "EvaluatorEmployeeId", "EvaluatorType", "IsDeleted", "Score", "UpdatedAt")
    VALUES (52, 1, 13, TIMESTAMPTZ '2025-01-01T00:00:00Z', 4, 'Peer', FALSE, 3.1000000000000001, NULL);
    END IF;
END $EF$;

DO $EF$
BEGIN
    IF NOT EXISTS(SELECT 1 FROM "__EFMigrationsHistory" WHERE "MigrationId" = '20260606231333_Add360EvaluatorSupport') THEN
    CREATE UNIQUE INDEX "IX_AssessmentScores_AssessmentId_CompetencyId_EvaluatorEmploye~" ON "AssessmentScores" ("AssessmentId", "CompetencyId", "EvaluatorEmployeeId");
    END IF;
END $EF$;

DO $EF$
BEGIN
    IF NOT EXISTS(SELECT 1 FROM "__EFMigrationsHistory" WHERE "MigrationId" = '20260606231333_Add360EvaluatorSupport') THEN
    CREATE INDEX "IX_AssessmentScores_EvaluatorEmployeeId" ON "AssessmentScores" ("EvaluatorEmployeeId");
    END IF;
END $EF$;

DO $EF$
BEGIN
    IF NOT EXISTS(SELECT 1 FROM "__EFMigrationsHistory" WHERE "MigrationId" = '20260606231333_Add360EvaluatorSupport') THEN
    CREATE UNIQUE INDEX "IX_AssessmentAssignments_AssessmentId_EvaluatorEmployeeId" ON "AssessmentAssignments" ("AssessmentId", "EvaluatorEmployeeId");
    END IF;
END $EF$;

DO $EF$
BEGIN
    IF NOT EXISTS(SELECT 1 FROM "__EFMigrationsHistory" WHERE "MigrationId" = '20260606231333_Add360EvaluatorSupport') THEN
    CREATE INDEX "IX_AssessmentAssignments_EvaluatorEmployeeId" ON "AssessmentAssignments" ("EvaluatorEmployeeId");
    END IF;
END $EF$;

DO $EF$
BEGIN
    IF NOT EXISTS(SELECT 1 FROM "__EFMigrationsHistory" WHERE "MigrationId" = '20260606231333_Add360EvaluatorSupport') THEN
    ALTER TABLE "AssessmentScores" ADD CONSTRAINT "FK_AssessmentScores_Employees_EvaluatorEmployeeId" FOREIGN KEY ("EvaluatorEmployeeId") REFERENCES "Employees" ("Id") ON DELETE RESTRICT;
    END IF;
END $EF$;

DO $EF$
BEGIN
    IF NOT EXISTS(SELECT 1 FROM "__EFMigrationsHistory" WHERE "MigrationId" = '20260606231333_Add360EvaluatorSupport') THEN
    PERFORM setval(
        pg_get_serial_sequence('"AssessmentAssignments"', 'Id'),
        GREATEST(
            (SELECT MAX("Id") FROM "AssessmentAssignments") + 1,
            nextval(pg_get_serial_sequence('"AssessmentAssignments"', 'Id'))),
        false);
    PERFORM setval(
        pg_get_serial_sequence('"AssessmentScores"', 'Id'),
        GREATEST(
            (SELECT MAX("Id") FROM "AssessmentScores") + 1,
            nextval(pg_get_serial_sequence('"AssessmentScores"', 'Id'))),
        false);
    PERFORM setval(
        pg_get_serial_sequence('"Employees"', 'Id'),
        GREATEST(
            (SELECT MAX("Id") FROM "Employees") + 1,
            nextval(pg_get_serial_sequence('"Employees"', 'Id'))),
        false);
    END IF;
END $EF$;

DO $EF$
BEGIN
    IF NOT EXISTS(SELECT 1 FROM "__EFMigrationsHistory" WHERE "MigrationId" = '20260606231333_Add360EvaluatorSupport') THEN
    INSERT INTO "__EFMigrationsHistory" ("MigrationId", "ProductVersion")
    VALUES ('20260606231333_Add360EvaluatorSupport', '10.0.4');
    END IF;
END $EF$;
COMMIT;

START TRANSACTION;

DO $EF$
BEGIN
    IF NOT EXISTS(SELECT 1 FROM "__EFMigrationsHistory" WHERE "MigrationId" = '20260606232557_AddZeynepUser') THEN
    INSERT INTO "Users" ("Id", "CreatedAt", "Email", "EmployeeId", "FullName", "IsActive", "IsDeleted", "PasswordHash", "RoleId", "UpdatedAt")
    VALUES (5, TIMESTAMPTZ '2025-01-01T00:00:00Z', 'zeynep.arslan@demo.com', 4, 'Zeynep Arslan', TRUE, FALSE, '$2a$11$uDROGAG.L2IJ/zDLlS/UjOXaiCpVo7/QCchgwykadmU3HLEhjR/A2', 4, NULL);
    END IF;
END $EF$;

DO $EF$
BEGIN
    IF NOT EXISTS(SELECT 1 FROM "__EFMigrationsHistory" WHERE "MigrationId" = '20260606232557_AddZeynepUser') THEN
    PERFORM setval(
        pg_get_serial_sequence('"Users"', 'Id'),
        GREATEST(
            (SELECT MAX("Id") FROM "Users") + 1,
            nextval(pg_get_serial_sequence('"Users"', 'Id'))),
        false);
    END IF;
END $EF$;

DO $EF$
BEGIN
    IF NOT EXISTS(SELECT 1 FROM "__EFMigrationsHistory" WHERE "MigrationId" = '20260606232557_AddZeynepUser') THEN
    INSERT INTO "__EFMigrationsHistory" ("MigrationId", "ProductVersion")
    VALUES ('20260606232557_AddZeynepUser', '10.0.4');
    END IF;
END $EF$;
COMMIT;

START TRANSACTION;

DO $EF$
BEGIN
    IF NOT EXISTS(SELECT 1 FROM "__EFMigrationsHistory" WHERE "MigrationId" = '20260611181247_UpdateDemoSeedData') THEN
    DELETE FROM "AssessmentAssignments"
    WHERE "Id" = 3;
    END IF;
END $EF$;

DO $EF$
BEGIN
    IF NOT EXISTS(SELECT 1 FROM "__EFMigrationsHistory" WHERE "MigrationId" = '20260611181247_UpdateDemoSeedData') THEN
    DELETE FROM "AssessmentAssignments"
    WHERE "Id" = 4;
    END IF;
END $EF$;

DO $EF$
BEGIN
    IF NOT EXISTS(SELECT 1 FROM "__EFMigrationsHistory" WHERE "MigrationId" = '20260611181247_UpdateDemoSeedData') THEN
    DELETE FROM "AssessmentScores"
    WHERE "Id" = 27;
    END IF;
END $EF$;

DO $EF$
BEGIN
    IF NOT EXISTS(SELECT 1 FROM "__EFMigrationsHistory" WHERE "MigrationId" = '20260611181247_UpdateDemoSeedData') THEN
    DELETE FROM "AssessmentScores"
    WHERE "Id" = 28;
    END IF;
END $EF$;

DO $EF$
BEGIN
    IF NOT EXISTS(SELECT 1 FROM "__EFMigrationsHistory" WHERE "MigrationId" = '20260611181247_UpdateDemoSeedData') THEN
    DELETE FROM "AssessmentScores"
    WHERE "Id" = 29;
    END IF;
END $EF$;

DO $EF$
BEGIN
    IF NOT EXISTS(SELECT 1 FROM "__EFMigrationsHistory" WHERE "MigrationId" = '20260611181247_UpdateDemoSeedData') THEN
    DELETE FROM "AssessmentScores"
    WHERE "Id" = 30;
    END IF;
END $EF$;

DO $EF$
BEGIN
    IF NOT EXISTS(SELECT 1 FROM "__EFMigrationsHistory" WHERE "MigrationId" = '20260611181247_UpdateDemoSeedData') THEN
    DELETE FROM "AssessmentScores"
    WHERE "Id" = 31;
    END IF;
END $EF$;

DO $EF$
BEGIN
    IF NOT EXISTS(SELECT 1 FROM "__EFMigrationsHistory" WHERE "MigrationId" = '20260611181247_UpdateDemoSeedData') THEN
    DELETE FROM "AssessmentScores"
    WHERE "Id" = 32;
    END IF;
END $EF$;

DO $EF$
BEGIN
    IF NOT EXISTS(SELECT 1 FROM "__EFMigrationsHistory" WHERE "MigrationId" = '20260611181247_UpdateDemoSeedData') THEN
    DELETE FROM "AssessmentScores"
    WHERE "Id" = 33;
    END IF;
END $EF$;

DO $EF$
BEGIN
    IF NOT EXISTS(SELECT 1 FROM "__EFMigrationsHistory" WHERE "MigrationId" = '20260611181247_UpdateDemoSeedData') THEN
    DELETE FROM "AssessmentScores"
    WHERE "Id" = 34;
    END IF;
END $EF$;

DO $EF$
BEGIN
    IF NOT EXISTS(SELECT 1 FROM "__EFMigrationsHistory" WHERE "MigrationId" = '20260611181247_UpdateDemoSeedData') THEN
    DELETE FROM "AssessmentScores"
    WHERE "Id" = 35;
    END IF;
END $EF$;

DO $EF$
BEGIN
    IF NOT EXISTS(SELECT 1 FROM "__EFMigrationsHistory" WHERE "MigrationId" = '20260611181247_UpdateDemoSeedData') THEN
    DELETE FROM "AssessmentScores"
    WHERE "Id" = 36;
    END IF;
END $EF$;

DO $EF$
BEGIN
    IF NOT EXISTS(SELECT 1 FROM "__EFMigrationsHistory" WHERE "MigrationId" = '20260611181247_UpdateDemoSeedData') THEN
    DELETE FROM "AssessmentScores"
    WHERE "Id" = 37;
    END IF;
END $EF$;

DO $EF$
BEGIN
    IF NOT EXISTS(SELECT 1 FROM "__EFMigrationsHistory" WHERE "MigrationId" = '20260611181247_UpdateDemoSeedData') THEN
    DELETE FROM "AssessmentScores"
    WHERE "Id" = 38;
    END IF;
END $EF$;

DO $EF$
BEGIN
    IF NOT EXISTS(SELECT 1 FROM "__EFMigrationsHistory" WHERE "MigrationId" = '20260611181247_UpdateDemoSeedData') THEN
    DELETE FROM "AssessmentScores"
    WHERE "Id" = 39;
    END IF;
END $EF$;

DO $EF$
BEGIN
    IF NOT EXISTS(SELECT 1 FROM "__EFMigrationsHistory" WHERE "MigrationId" = '20260611181247_UpdateDemoSeedData') THEN
    DELETE FROM "AssessmentScores"
    WHERE "Id" = 40;
    END IF;
END $EF$;

DO $EF$
BEGIN
    IF NOT EXISTS(SELECT 1 FROM "__EFMigrationsHistory" WHERE "MigrationId" = '20260611181247_UpdateDemoSeedData') THEN
    DELETE FROM "AssessmentScores"
    WHERE "Id" = 41;
    END IF;
END $EF$;

DO $EF$
BEGIN
    IF NOT EXISTS(SELECT 1 FROM "__EFMigrationsHistory" WHERE "MigrationId" = '20260611181247_UpdateDemoSeedData') THEN
    DELETE FROM "AssessmentScores"
    WHERE "Id" = 42;
    END IF;
END $EF$;

DO $EF$
BEGIN
    IF NOT EXISTS(SELECT 1 FROM "__EFMigrationsHistory" WHERE "MigrationId" = '20260611181247_UpdateDemoSeedData') THEN
    DELETE FROM "AssessmentScores"
    WHERE "Id" = 43;
    END IF;
END $EF$;

DO $EF$
BEGIN
    IF NOT EXISTS(SELECT 1 FROM "__EFMigrationsHistory" WHERE "MigrationId" = '20260611181247_UpdateDemoSeedData') THEN
    DELETE FROM "AssessmentScores"
    WHERE "Id" = 44;
    END IF;
END $EF$;

DO $EF$
BEGIN
    IF NOT EXISTS(SELECT 1 FROM "__EFMigrationsHistory" WHERE "MigrationId" = '20260611181247_UpdateDemoSeedData') THEN
    DELETE FROM "AssessmentScores"
    WHERE "Id" = 45;
    END IF;
END $EF$;

DO $EF$
BEGIN
    IF NOT EXISTS(SELECT 1 FROM "__EFMigrationsHistory" WHERE "MigrationId" = '20260611181247_UpdateDemoSeedData') THEN
    DELETE FROM "AssessmentScores"
    WHERE "Id" = 46;
    END IF;
END $EF$;

DO $EF$
BEGIN
    IF NOT EXISTS(SELECT 1 FROM "__EFMigrationsHistory" WHERE "MigrationId" = '20260611181247_UpdateDemoSeedData') THEN
    DELETE FROM "AssessmentScores"
    WHERE "Id" = 47;
    END IF;
END $EF$;

DO $EF$
BEGIN
    IF NOT EXISTS(SELECT 1 FROM "__EFMigrationsHistory" WHERE "MigrationId" = '20260611181247_UpdateDemoSeedData') THEN
    DELETE FROM "AssessmentScores"
    WHERE "Id" = 48;
    END IF;
END $EF$;

DO $EF$
BEGIN
    IF NOT EXISTS(SELECT 1 FROM "__EFMigrationsHistory" WHERE "MigrationId" = '20260611181247_UpdateDemoSeedData') THEN
    DELETE FROM "AssessmentScores"
    WHERE "Id" = 49;
    END IF;
END $EF$;

DO $EF$
BEGIN
    IF NOT EXISTS(SELECT 1 FROM "__EFMigrationsHistory" WHERE "MigrationId" = '20260611181247_UpdateDemoSeedData') THEN
    DELETE FROM "AssessmentScores"
    WHERE "Id" = 50;
    END IF;
END $EF$;

DO $EF$
BEGIN
    IF NOT EXISTS(SELECT 1 FROM "__EFMigrationsHistory" WHERE "MigrationId" = '20260611181247_UpdateDemoSeedData') THEN
    DELETE FROM "AssessmentScores"
    WHERE "Id" = 51;
    END IF;
END $EF$;

DO $EF$
BEGIN
    IF NOT EXISTS(SELECT 1 FROM "__EFMigrationsHistory" WHERE "MigrationId" = '20260611181247_UpdateDemoSeedData') THEN
    DELETE FROM "AssessmentScores"
    WHERE "Id" = 52;
    END IF;
END $EF$;

DO $EF$
BEGIN
    IF NOT EXISTS(SELECT 1 FROM "__EFMigrationsHistory" WHERE "MigrationId" = '20260611181247_UpdateDemoSeedData') THEN
    -- Delete both rows first to avoid transient unique constraint violation
    -- on (AssessmentId, EvaluatorEmployeeId) when swapping evaluator IDs.
    DELETE FROM "AssessmentAssignments" WHERE "Id" IN (1, 2);
    INSERT INTO "AssessmentAssignments" ("Id", "AssessmentId", "CompletedAt", "CreatedAt", "EvaluatorEmployeeId", "EvaluatorType", "IsCompleted", "IsDeleted", "UpdatedAt")
    VALUES
        (1, 1, '2025-01-01 00:00:00Z', '2025-01-01 00:00:00Z', 2, 'Self',    true,  false, NULL),
        (2, 1, '2025-01-01 00:00:00Z', '2025-01-01 00:00:00Z', 1, 'Manager', true,  false, NULL);
    END IF;
END $EF$;

DO $EF$
BEGIN
    IF NOT EXISTS(SELECT 1 FROM "__EFMigrationsHistory" WHERE "MigrationId" = '20260611181247_UpdateDemoSeedData') THEN
    UPDATE "AssessmentScores" SET "EvaluatorEmployeeId" = 2
    WHERE "Id" = 1;
    END IF;
END $EF$;

DO $EF$
BEGIN
    IF NOT EXISTS(SELECT 1 FROM "__EFMigrationsHistory" WHERE "MigrationId" = '20260611181247_UpdateDemoSeedData') THEN
    UPDATE "AssessmentScores" SET "EvaluatorEmployeeId" = 2, "Score" = 4.0
    WHERE "Id" = 2;
    END IF;
END $EF$;

DO $EF$
BEGIN
    IF NOT EXISTS(SELECT 1 FROM "__EFMigrationsHistory" WHERE "MigrationId" = '20260611181247_UpdateDemoSeedData') THEN
    UPDATE "AssessmentScores" SET "EvaluatorEmployeeId" = 2, "Score" = 3.7999999999999998
    WHERE "Id" = 3;
    END IF;
END $EF$;

DO $EF$
BEGIN
    IF NOT EXISTS(SELECT 1 FROM "__EFMigrationsHistory" WHERE "MigrationId" = '20260611181247_UpdateDemoSeedData') THEN
    UPDATE "AssessmentScores" SET "EvaluatorEmployeeId" = 2, "Score" = 3.2000000000000002
    WHERE "Id" = 4;
    END IF;
END $EF$;

DO $EF$
BEGIN
    IF NOT EXISTS(SELECT 1 FROM "__EFMigrationsHistory" WHERE "MigrationId" = '20260611181247_UpdateDemoSeedData') THEN
    UPDATE "AssessmentScores" SET "EvaluatorEmployeeId" = 2, "Score" = 3.0
    WHERE "Id" = 5;
    END IF;
END $EF$;

DO $EF$
BEGIN
    IF NOT EXISTS(SELECT 1 FROM "__EFMigrationsHistory" WHERE "MigrationId" = '20260611181247_UpdateDemoSeedData') THEN
    UPDATE "AssessmentScores" SET "EvaluatorEmployeeId" = 2
    WHERE "Id" = 6;
    END IF;
END $EF$;

DO $EF$
BEGIN
    IF NOT EXISTS(SELECT 1 FROM "__EFMigrationsHistory" WHERE "MigrationId" = '20260611181247_UpdateDemoSeedData') THEN
    UPDATE "AssessmentScores" SET "EvaluatorEmployeeId" = 2
    WHERE "Id" = 7;
    END IF;
END $EF$;

DO $EF$
BEGIN
    IF NOT EXISTS(SELECT 1 FROM "__EFMigrationsHistory" WHERE "MigrationId" = '20260611181247_UpdateDemoSeedData') THEN
    UPDATE "AssessmentScores" SET "EvaluatorEmployeeId" = 2
    WHERE "Id" = 8;
    END IF;
END $EF$;

DO $EF$
BEGIN
    IF NOT EXISTS(SELECT 1 FROM "__EFMigrationsHistory" WHERE "MigrationId" = '20260611181247_UpdateDemoSeedData') THEN
    UPDATE "AssessmentScores" SET "EvaluatorEmployeeId" = 2
    WHERE "Id" = 9;
    END IF;
END $EF$;

DO $EF$
BEGIN
    IF NOT EXISTS(SELECT 1 FROM "__EFMigrationsHistory" WHERE "MigrationId" = '20260611181247_UpdateDemoSeedData') THEN
    UPDATE "AssessmentScores" SET "EvaluatorEmployeeId" = 2, "Score" = 3.2999999999999998
    WHERE "Id" = 10;
    END IF;
END $EF$;

DO $EF$
BEGIN
    IF NOT EXISTS(SELECT 1 FROM "__EFMigrationsHistory" WHERE "MigrationId" = '20260611181247_UpdateDemoSeedData') THEN
    UPDATE "AssessmentScores" SET "EvaluatorEmployeeId" = 2
    WHERE "Id" = 11;
    END IF;
END $EF$;

DO $EF$
BEGIN
    IF NOT EXISTS(SELECT 1 FROM "__EFMigrationsHistory" WHERE "MigrationId" = '20260611181247_UpdateDemoSeedData') THEN
    UPDATE "AssessmentScores" SET "EvaluatorEmployeeId" = 2, "Score" = 3.5
    WHERE "Id" = 12;
    END IF;
END $EF$;

DO $EF$
BEGIN
    IF NOT EXISTS(SELECT 1 FROM "__EFMigrationsHistory" WHERE "MigrationId" = '20260611181247_UpdateDemoSeedData') THEN
    UPDATE "AssessmentScores" SET "EvaluatorEmployeeId" = 2, "Score" = 3.3999999999999999
    WHERE "Id" = 13;
    END IF;
END $EF$;

DO $EF$
BEGIN
    IF NOT EXISTS(SELECT 1 FROM "__EFMigrationsHistory" WHERE "MigrationId" = '20260611181247_UpdateDemoSeedData') THEN
    UPDATE "AssessmentScores" SET "EvaluatorEmployeeId" = 1, "Score" = 3.7999999999999998
    WHERE "Id" = 14;
    END IF;
END $EF$;

DO $EF$
BEGIN
    IF NOT EXISTS(SELECT 1 FROM "__EFMigrationsHistory" WHERE "MigrationId" = '20260611181247_UpdateDemoSeedData') THEN
    UPDATE "AssessmentScores" SET "EvaluatorEmployeeId" = 1, "Score" = 4.2000000000000002
    WHERE "Id" = 15;
    END IF;
END $EF$;

DO $EF$
BEGIN
    IF NOT EXISTS(SELECT 1 FROM "__EFMigrationsHistory" WHERE "MigrationId" = '20260611181247_UpdateDemoSeedData') THEN
    UPDATE "AssessmentScores" SET "EvaluatorEmployeeId" = 1, "Score" = 4.0
    WHERE "Id" = 16;
    END IF;
END $EF$;

DO $EF$
BEGIN
    IF NOT EXISTS(SELECT 1 FROM "__EFMigrationsHistory" WHERE "MigrationId" = '20260611181247_UpdateDemoSeedData') THEN
    UPDATE "AssessmentScores" SET "EvaluatorEmployeeId" = 1, "Score" = 3.5
    WHERE "Id" = 17;
    END IF;
END $EF$;

DO $EF$
BEGIN
    IF NOT EXISTS(SELECT 1 FROM "__EFMigrationsHistory" WHERE "MigrationId" = '20260611181247_UpdateDemoSeedData') THEN
    UPDATE "AssessmentScores" SET "EvaluatorEmployeeId" = 1, "Score" = 3.6000000000000001
    WHERE "Id" = 18;
    END IF;
END $EF$;

DO $EF$
BEGIN
    IF NOT EXISTS(SELECT 1 FROM "__EFMigrationsHistory" WHERE "MigrationId" = '20260611181247_UpdateDemoSeedData') THEN
    UPDATE "AssessmentScores" SET "EvaluatorEmployeeId" = 1, "Score" = 4.0999999999999996
    WHERE "Id" = 19;
    END IF;
END $EF$;

DO $EF$
BEGIN
    IF NOT EXISTS(SELECT 1 FROM "__EFMigrationsHistory" WHERE "MigrationId" = '20260611181247_UpdateDemoSeedData') THEN
    UPDATE "AssessmentScores" SET "EvaluatorEmployeeId" = 1, "Score" = 3.8999999999999999
    WHERE "Id" = 20;
    END IF;
END $EF$;

DO $EF$
BEGIN
    IF NOT EXISTS(SELECT 1 FROM "__EFMigrationsHistory" WHERE "MigrationId" = '20260611181247_UpdateDemoSeedData') THEN
    UPDATE "AssessmentScores" SET "EvaluatorEmployeeId" = 1, "Score" = 3.7000000000000002
    WHERE "Id" = 21;
    END IF;
END $EF$;

DO $EF$
BEGIN
    IF NOT EXISTS(SELECT 1 FROM "__EFMigrationsHistory" WHERE "MigrationId" = '20260611181247_UpdateDemoSeedData') THEN
    UPDATE "AssessmentScores" SET "EvaluatorEmployeeId" = 1, "Score" = 4.0
    WHERE "Id" = 22;
    END IF;
END $EF$;

DO $EF$
BEGIN
    IF NOT EXISTS(SELECT 1 FROM "__EFMigrationsHistory" WHERE "MigrationId" = '20260611181247_UpdateDemoSeedData') THEN
    UPDATE "AssessmentScores" SET "EvaluatorEmployeeId" = 1, "Score" = 3.5
    WHERE "Id" = 23;
    END IF;
END $EF$;

DO $EF$
BEGIN
    IF NOT EXISTS(SELECT 1 FROM "__EFMigrationsHistory" WHERE "MigrationId" = '20260611181247_UpdateDemoSeedData') THEN
    UPDATE "AssessmentScores" SET "EvaluatorEmployeeId" = 1, "Score" = 4.0
    WHERE "Id" = 24;
    END IF;
END $EF$;

DO $EF$
BEGIN
    IF NOT EXISTS(SELECT 1 FROM "__EFMigrationsHistory" WHERE "MigrationId" = '20260611181247_UpdateDemoSeedData') THEN
    UPDATE "AssessmentScores" SET "EvaluatorEmployeeId" = 1, "Score" = 4.5
    WHERE "Id" = 25;
    END IF;
END $EF$;

DO $EF$
BEGIN
    IF NOT EXISTS(SELECT 1 FROM "__EFMigrationsHistory" WHERE "MigrationId" = '20260611181247_UpdateDemoSeedData') THEN
    UPDATE "AssessmentScores" SET "EvaluatorEmployeeId" = 1, "Score" = 3.7999999999999998
    WHERE "Id" = 26;
    END IF;
END $EF$;

DO $EF$
BEGIN
    IF NOT EXISTS(SELECT 1 FROM "__EFMigrationsHistory" WHERE "MigrationId" = '20260611181247_UpdateDemoSeedData') THEN
    UPDATE "Assessments" SET "EmployeeId" = 2, "OverallScore" = 3.7999999999999998
    WHERE "Id" = 1;
    END IF;
END $EF$;

DO $EF$
BEGIN
    IF NOT EXISTS(SELECT 1 FROM "__EFMigrationsHistory" WHERE "MigrationId" = '20260611181247_UpdateDemoSeedData') THEN
    UPDATE "Departments" SET "Code" = 'HR', "Name" = 'Human Resources'
    WHERE "Id" = 1;
    END IF;
END $EF$;

DO $EF$
BEGIN
    IF NOT EXISTS(SELECT 1 FROM "__EFMigrationsHistory" WHERE "MigrationId" = '20260611181247_UpdateDemoSeedData') THEN
    UPDATE "Departments" SET "Code" = 'TECH', "Name" = 'Technology'
    WHERE "Id" = 2;
    END IF;
END $EF$;

DO $EF$
BEGIN
    IF NOT EXISTS(SELECT 1 FROM "__EFMigrationsHistory" WHERE "MigrationId" = '20260611181247_UpdateDemoSeedData') THEN
    UPDATE "Employees" SET "Age" = 42, "DepartmentId" = 1, "DistanceFromHome" = 8, "Education" = '4', "EducationField" = 'Human Resources', "Email" = 'ahmet.yilmaz@demo.com', "EnvironmentSatisfaction" = 4, "FullName" = 'Ahmet Yılmaz', "Gender" = 'Male', "JobRoleId" = 3, "ManagerId" = NULL, "MaritalStatus" = 'Married', "PerformanceScore" = 4.2000000000000002, "TotalWorkingYears" = 18, "YearsAtCompany" = 8, "YearsInCurrentRole" = 4, "YearsWithCurrManager" = 0
    WHERE "Id" = 1;
    END IF;
END $EF$;

DO $EF$
BEGIN
    IF NOT EXISTS(SELECT 1 FROM "__EFMigrationsHistory" WHERE "MigrationId" = '20260611181247_UpdateDemoSeedData') THEN
    UPDATE "Employees" SET "Age" = 27, "BusinessTravel" = 'Non-Travel', "DepartmentId" = 1, "DistanceFromHome" = 3, "Education" = '3', "EducationField" = 'Psychology', "Email" = 'buse.demir@demo.com', "EmployeeCode" = 'EMP002', "EnvironmentSatisfaction" = 3, "FullName" = 'Buse Demir', "Gender" = 'Female', "JobRoleId" = 1, "ManagerId" = 1, "MaritalStatus" = 'Single', "PerformanceScore" = 3.7999999999999998, "TotalWorkingYears" = 5, "WorkLifeBalance" = 4, "YearsAtCompany" = 3, "YearsInCurrentRole" = 2, "YearsWithCurrManager" = 2
    WHERE "Id" = 2;
    END IF;
END $EF$;

DO $EF$
BEGIN
    IF NOT EXISTS(SELECT 1 FROM "__EFMigrationsHistory" WHERE "MigrationId" = '20260611181247_UpdateDemoSeedData') THEN
    UPDATE "Employees" SET "Age" = 31, "BusinessTravel" = 'Travel_Rarely', "DistanceFromHome" = 12, "Education" = '3', "EducationField" = 'Business Administration', "Email" = 'cem.aydin@demo.com', "EmployeeCode" = 'EMP003', "EnvironmentSatisfaction" = 3, "FullName" = 'Cem Aydın', "JobRoleId" = 2, "ManagerId" = 1, "MaritalStatus" = 'Married', "PerformanceScore" = 3.8999999999999999, "TotalWorkingYears" = 8, "WorkLifeBalance" = 3, "YearsAtCompany" = 4, "YearsInCurrentRole" = 3, "YearsWithCurrManager" = 3
    WHERE "Id" = 3;
    END IF;
END $EF$;

DO $EF$
BEGIN
    IF NOT EXISTS(SELECT 1 FROM "__EFMigrationsHistory" WHERE "MigrationId" = '20260611181247_UpdateDemoSeedData') THEN
    UPDATE "Employees" SET "Age" = 29, "BusinessTravel" = 'Non-Travel', "DepartmentId" = 1, "DistanceFromHome" = 6, "EducationField" = 'Sociology', "Email" = 'deniz.yildiz@demo.com', "EmployeeCode" = 'EMP004', "EnvironmentSatisfaction" = 2, "FullName" = 'Deniz Yıldız', "JobRoleId" = 1, "JobSatisfaction" = 3, "ManagerId" = 1, "MaritalStatus" = 'Single', "PerformanceScore" = 3.5, "TotalWorkingYears" = 6, "YearsAtCompany" = 2
    WHERE "Id" = 4;
    END IF;
END $EF$;

DO $EF$
BEGIN
    IF NOT EXISTS(SELECT 1 FROM "__EFMigrationsHistory" WHERE "MigrationId" = '20260611181247_UpdateDemoSeedData') THEN
    UPDATE "JobRoles" SET "Name" = 'HR Specialist'
    WHERE "Id" = 1;
    END IF;
END $EF$;

DO $EF$
BEGIN
    IF NOT EXISTS(SELECT 1 FROM "__EFMigrationsHistory" WHERE "MigrationId" = '20260611181247_UpdateDemoSeedData') THEN
    UPDATE "JobRoles" SET "Name" = 'Recruiter'
    WHERE "Id" = 2;
    END IF;
END $EF$;

DO $EF$
BEGIN
    IF NOT EXISTS(SELECT 1 FROM "__EFMigrationsHistory" WHERE "MigrationId" = '20260611181247_UpdateDemoSeedData') THEN
    UPDATE "JobRoles" SET "DepartmentId" = 1, "Name" = 'HR Manager'
    WHERE "Id" = 3;
    END IF;
END $EF$;

DO $EF$
BEGIN
    IF NOT EXISTS(SELECT 1 FROM "__EFMigrationsHistory" WHERE "MigrationId" = '20260611181247_UpdateDemoSeedData') THEN
    UPDATE "JobRoles" SET "DepartmentId" = 2, "Name" = 'Software Engineer'
    WHERE "Id" = 4;
    END IF;
END $EF$;

DO $EF$
BEGIN
    IF NOT EXISTS(SELECT 1 FROM "__EFMigrationsHistory" WHERE "MigrationId" = '20260611181247_UpdateDemoSeedData') THEN
    UPDATE "JobRoles" SET "DepartmentId" = 2, "Name" = 'Senior Software Engineer'
    WHERE "Id" = 5;
    END IF;
END $EF$;

DO $EF$
BEGIN
    IF NOT EXISTS(SELECT 1 FROM "__EFMigrationsHistory" WHERE "MigrationId" = '20260611181247_UpdateDemoSeedData') THEN
    UPDATE "JobRoles" SET "DepartmentId" = 2, "Name" = 'Data Scientist'
    WHERE "Id" = 6;
    END IF;
END $EF$;

DO $EF$
BEGIN
    IF NOT EXISTS(SELECT 1 FROM "__EFMigrationsHistory" WHERE "MigrationId" = '20260611181247_UpdateDemoSeedData') THEN
    INSERT INTO "JobRoles" ("Id", "CreatedAt", "DepartmentId", "Description", "IsDeleted", "Name", "UpdatedAt")
    VALUES (11, TIMESTAMPTZ '2025-01-01T00:00:00Z', 2, NULL, FALSE, 'Engineering Manager', NULL);
    INSERT INTO "JobRoles" ("Id", "CreatedAt", "DepartmentId", "Description", "IsDeleted", "Name", "UpdatedAt")
    VALUES (12, TIMESTAMPTZ '2025-01-01T00:00:00Z', 3, NULL, FALSE, 'Sales Executive', NULL);
    INSERT INTO "JobRoles" ("Id", "CreatedAt", "DepartmentId", "Description", "IsDeleted", "Name", "UpdatedAt")
    VALUES (13, TIMESTAMPTZ '2025-01-01T00:00:00Z', 3, NULL, FALSE, 'Sales Representative', NULL);
    INSERT INTO "JobRoles" ("Id", "CreatedAt", "DepartmentId", "Description", "IsDeleted", "Name", "UpdatedAt")
    VALUES (14, TIMESTAMPTZ '2025-01-01T00:00:00Z', 3, NULL, FALSE, 'Account Manager', NULL);
    INSERT INTO "JobRoles" ("Id", "CreatedAt", "DepartmentId", "Description", "IsDeleted", "Name", "UpdatedAt")
    VALUES (15, TIMESTAMPTZ '2025-01-01T00:00:00Z', 3, NULL, FALSE, 'Marketing Specialist', NULL);
    INSERT INTO "JobRoles" ("Id", "CreatedAt", "DepartmentId", "Description", "IsDeleted", "Name", "UpdatedAt")
    VALUES (16, TIMESTAMPTZ '2025-01-01T00:00:00Z', 4, NULL, FALSE, 'Accountant', NULL);
    INSERT INTO "JobRoles" ("Id", "CreatedAt", "DepartmentId", "Description", "IsDeleted", "Name", "UpdatedAt")
    VALUES (17, TIMESTAMPTZ '2025-01-01T00:00:00Z', 4, NULL, FALSE, 'Financial Analyst', NULL);
    INSERT INTO "JobRoles" ("Id", "CreatedAt", "DepartmentId", "Description", "IsDeleted", "Name", "UpdatedAt")
    VALUES (18, TIMESTAMPTZ '2025-01-01T00:00:00Z', 4, NULL, FALSE, 'Payroll Specialist', NULL);
    INSERT INTO "JobRoles" ("Id", "CreatedAt", "DepartmentId", "Description", "IsDeleted", "Name", "UpdatedAt")
    VALUES (19, TIMESTAMPTZ '2025-01-01T00:00:00Z', 4, NULL, FALSE, 'Finance Manager', NULL);
    INSERT INTO "JobRoles" ("Id", "CreatedAt", "DepartmentId", "Description", "IsDeleted", "Name", "UpdatedAt")
    VALUES (20, TIMESTAMPTZ '2025-01-01T00:00:00Z', 5, NULL, FALSE, 'Operations Specialist', NULL);
    INSERT INTO "JobRoles" ("Id", "CreatedAt", "DepartmentId", "Description", "IsDeleted", "Name", "UpdatedAt")
    VALUES (21, TIMESTAMPTZ '2025-01-01T00:00:00Z', 5, NULL, FALSE, 'Logistics Coordinator', NULL);
    INSERT INTO "JobRoles" ("Id", "CreatedAt", "DepartmentId", "Description", "IsDeleted", "Name", "UpdatedAt")
    VALUES (22, TIMESTAMPTZ '2025-01-01T00:00:00Z', 5, NULL, FALSE, 'Production Engineer', NULL);
    INSERT INTO "JobRoles" ("Id", "CreatedAt", "DepartmentId", "Description", "IsDeleted", "Name", "UpdatedAt")
    VALUES (24, TIMESTAMPTZ '2025-01-01T00:00:00Z', 5, NULL, FALSE, 'Operations Manager', NULL);
    END IF;
END $EF$;

DO $EF$
BEGIN
    IF NOT EXISTS(SELECT 1 FROM "__EFMigrationsHistory" WHERE "MigrationId" = '20260611181247_UpdateDemoSeedData') THEN
    UPDATE "Users" SET "Email" = 'ahmet.yilmaz@demo.com', "EmployeeId" = 1, "FullName" = 'Ahmet Yılmaz', "PasswordHash" = '$2a$11$rwGBgkTsyrgRtFIBIb7AdeLz5n6ISGcK2Fd1CXBydDLDlJZUElnuC'
    WHERE "Id" = 3;
    END IF;
END $EF$;

DO $EF$
BEGIN
    IF NOT EXISTS(SELECT 1 FROM "__EFMigrationsHistory" WHERE "MigrationId" = '20260611181247_UpdateDemoSeedData') THEN
    UPDATE "Users" SET "Email" = 'buse.demir@demo.com', "EmployeeId" = 2, "FullName" = 'Buse Demir', "PasswordHash" = '$2a$11$rwGBgkTsyrgRtFIBIb7AdeLz5n6ISGcK2Fd1CXBydDLDlJZUElnuC'
    WHERE "Id" = 4;
    END IF;
END $EF$;

DO $EF$
BEGIN
    IF NOT EXISTS(SELECT 1 FROM "__EFMigrationsHistory" WHERE "MigrationId" = '20260611181247_UpdateDemoSeedData') THEN
    UPDATE "Users" SET "Email" = 'cem.aydin@demo.com', "EmployeeId" = 3, "FullName" = 'Cem Aydın', "PasswordHash" = '$2a$11$rwGBgkTsyrgRtFIBIb7AdeLz5n6ISGcK2Fd1CXBydDLDlJZUElnuC'
    WHERE "Id" = 5;
    END IF;
END $EF$;

DO $EF$
BEGIN
    IF NOT EXISTS(SELECT 1 FROM "__EFMigrationsHistory" WHERE "MigrationId" = '20260611181247_UpdateDemoSeedData') THEN
    INSERT INTO "Users" ("Id", "CreatedAt", "Email", "EmployeeId", "FullName", "IsActive", "IsDeleted", "PasswordHash", "RoleId", "UpdatedAt")
    VALUES (6, TIMESTAMPTZ '2025-01-01T00:00:00Z', 'deniz.yildiz@demo.com', 4, 'Deniz Yıldız', TRUE, FALSE, '$2a$11$rwGBgkTsyrgRtFIBIb7AdeLz5n6ISGcK2Fd1CXBydDLDlJZUElnuC', 4, NULL);
    END IF;
END $EF$;

DO $EF$
BEGIN
    IF NOT EXISTS(SELECT 1 FROM "__EFMigrationsHistory" WHERE "MigrationId" = '20260611181247_UpdateDemoSeedData') THEN
    INSERT INTO "Employees" ("Id", "Age", "Attrition", "BusinessTravel", "CreatedAt", "DepartmentId", "DistanceFromHome", "Education", "EducationField", "Email", "EmployeeCode", "EnvironmentSatisfaction", "FullName", "Gender", "IsActive", "IsDeleted", "JobRoleId", "JobSatisfaction", "ManagerId", "MaritalStatus", "PerformanceScore", "TotalWorkingYears", "UpdatedAt", "WorkLifeBalance", "YearsAtCompany", "YearsInCurrentRole", "YearsWithCurrManager")
    VALUES (5, 39, 'No', 'Travel_Rarely', TIMESTAMPTZ '2025-01-01T00:00:00Z', 2, 15, '4', 'Computer Science', 'zeynep.arslan@demo.com', 'EMP005', 4, 'Zeynep Arslan', 'Female', TRUE, FALSE, 11, 4, NULL, 'Married', 4.5, 16, NULL, 3, 6, 3, 0);
    INSERT INTO "Employees" ("Id", "Age", "Attrition", "BusinessTravel", "CreatedAt", "DepartmentId", "DistanceFromHome", "Education", "EducationField", "Email", "EmployeeCode", "EnvironmentSatisfaction", "FullName", "Gender", "IsActive", "IsDeleted", "JobRoleId", "JobSatisfaction", "ManagerId", "MaritalStatus", "PerformanceScore", "TotalWorkingYears", "UpdatedAt", "WorkLifeBalance", "YearsAtCompany", "YearsInCurrentRole", "YearsWithCurrManager")
    VALUES (9, 45, 'No', 'Travel_Frequently', TIMESTAMPTZ '2025-01-01T00:00:00Z', 3, 20, '3', 'Marketing', 'hakan.celik@demo.com', 'EMP009', 3, 'Hakan Çelik', 'Male', TRUE, FALSE, 12, 3, NULL, 'Married', 4.0, 22, NULL, 2, 12, 6, 0);
    INSERT INTO "Employees" ("Id", "Age", "Attrition", "BusinessTravel", "CreatedAt", "DepartmentId", "DistanceFromHome", "Education", "EducationField", "Email", "EmployeeCode", "EnvironmentSatisfaction", "FullName", "Gender", "IsActive", "IsDeleted", "JobRoleId", "JobSatisfaction", "ManagerId", "MaritalStatus", "PerformanceScore", "TotalWorkingYears", "UpdatedAt", "WorkLifeBalance", "YearsAtCompany", "YearsInCurrentRole", "YearsWithCurrManager")
    VALUES (13, 48, 'No', 'Travel_Rarely', TIMESTAMPTZ '2025-01-01T00:00:00Z', 4, 9, '4', 'Finance', 'kemal.sahin@demo.com', 'EMP013', 4, 'Kemal Şahin', 'Male', TRUE, FALSE, 19, 4, NULL, 'Married', 4.4000000000000004, 24, NULL, 3, 10, 5, 0);
    INSERT INTO "Employees" ("Id", "Age", "Attrition", "BusinessTravel", "CreatedAt", "DepartmentId", "DistanceFromHome", "Education", "EducationField", "Email", "EmployeeCode", "EnvironmentSatisfaction", "FullName", "Gender", "IsActive", "IsDeleted", "JobRoleId", "JobSatisfaction", "ManagerId", "MaritalStatus", "PerformanceScore", "TotalWorkingYears", "UpdatedAt", "WorkLifeBalance", "YearsAtCompany", "YearsInCurrentRole", "YearsWithCurrManager")
    VALUES (17, 44, 'No', 'Travel_Rarely', TIMESTAMPTZ '2025-01-01T00:00:00Z', 5, 10, '4', 'Industrial Engineering', 'orhan.yalcin@demo.com', 'EMP017', 3, 'Orhan Yalçın', 'Male', TRUE, FALSE, 24, 4, NULL, 'Married', 4.2999999999999998, 20, NULL, 3, 8, 4, 0);
    INSERT INTO "Employees" ("Id", "Age", "Attrition", "BusinessTravel", "CreatedAt", "DepartmentId", "DistanceFromHome", "Education", "EducationField", "Email", "EmployeeCode", "EnvironmentSatisfaction", "FullName", "Gender", "IsActive", "IsDeleted", "JobRoleId", "JobSatisfaction", "ManagerId", "MaritalStatus", "PerformanceScore", "TotalWorkingYears", "UpdatedAt", "WorkLifeBalance", "YearsAtCompany", "YearsInCurrentRole", "YearsWithCurrManager")
    VALUES (6, 26, 'No', 'Non-Travel', TIMESTAMPTZ '2025-01-01T00:00:00Z', 2, 4, '3', 'Computer Science', 'emre.koc@demo.com', 'EMP006', 3, 'Emre Koç', 'Male', TRUE, FALSE, 4, 3, 5, 'Single', 3.6000000000000001, 4, NULL, 2, 2, 2, 2);
    INSERT INTO "Employees" ("Id", "Age", "Attrition", "BusinessTravel", "CreatedAt", "DepartmentId", "DistanceFromHome", "Education", "EducationField", "Email", "EmployeeCode", "EnvironmentSatisfaction", "FullName", "Gender", "IsActive", "IsDeleted", "JobRoleId", "JobSatisfaction", "ManagerId", "MaritalStatus", "PerformanceScore", "TotalWorkingYears", "UpdatedAt", "WorkLifeBalance", "YearsAtCompany", "YearsInCurrentRole", "YearsWithCurrManager")
    VALUES (7, 34, 'No', 'Travel_Rarely', TIMESTAMPTZ '2025-01-01T00:00:00Z', 2, 10, '3', 'Information Technology', 'elif.sen@demo.com', 'EMP007', 4, 'Elif Şen', 'Female', TRUE, FALSE, 5, 4, 5, 'Married', 4.0999999999999996, 11, NULL, 4, 5, 2, 3);
    INSERT INTO "Employees" ("Id", "Age", "Attrition", "BusinessTravel", "CreatedAt", "DepartmentId", "DistanceFromHome", "Education", "EducationField", "Email", "EmployeeCode", "EnvironmentSatisfaction", "FullName", "Gender", "IsActive", "IsDeleted", "JobRoleId", "JobSatisfaction", "ManagerId", "MaritalStatus", "PerformanceScore", "TotalWorkingYears", "UpdatedAt", "WorkLifeBalance", "YearsAtCompany", "YearsInCurrentRole", "YearsWithCurrManager")
    VALUES (8, 30, 'No', 'Non-Travel', TIMESTAMPTZ '2025-01-01T00:00:00Z', 2, 5, '4', 'Mathematics', 'fatih.kaya@demo.com', 'EMP008', 3, 'Fatih Kaya', 'Male', TRUE, FALSE, 6, 4, 5, 'Single', 3.8999999999999999, 7, NULL, 3, 3, 2, 2);
    INSERT INTO "Employees" ("Id", "Age", "Attrition", "BusinessTravel", "CreatedAt", "DepartmentId", "DistanceFromHome", "Education", "EducationField", "Email", "EmployeeCode", "EnvironmentSatisfaction", "FullName", "Gender", "IsActive", "IsDeleted", "JobRoleId", "JobSatisfaction", "ManagerId", "MaritalStatus", "PerformanceScore", "TotalWorkingYears", "UpdatedAt", "WorkLifeBalance", "YearsAtCompany", "YearsInCurrentRole", "YearsWithCurrManager")
    VALUES (10, 28, 'No', 'Travel_Frequently', TIMESTAMPTZ '2025-01-01T00:00:00Z', 3, 7, '3', 'Communication Studies', 'gizem.ozturk@demo.com', 'EMP010', 4, 'Gizem Öztürk', 'Female', TRUE, FALSE, 13, 3, 9, 'Single', 3.7000000000000002, 6, NULL, 3, 3, 3, 3);
    INSERT INTO "Employees" ("Id", "Age", "Attrition", "BusinessTravel", "CreatedAt", "DepartmentId", "DistanceFromHome", "Education", "EducationField", "Email", "EmployeeCode", "EnvironmentSatisfaction", "FullName", "Gender", "IsActive", "IsDeleted", "JobRoleId", "JobSatisfaction", "ManagerId", "MaritalStatus", "PerformanceScore", "TotalWorkingYears", "UpdatedAt", "WorkLifeBalance", "YearsAtCompany", "YearsInCurrentRole", "YearsWithCurrManager")
    VALUES (11, 35, 'No', 'Travel_Rarely', TIMESTAMPTZ '2025-01-01T00:00:00Z', 3, 11, '3', 'Business', 'hakan.yilmaz@demo.com', 'EMP011', 3, 'Hakan Yılmaz', 'Male', TRUE, FALSE, 14, 4, 9, 'Married', 3.8999999999999999, 12, NULL, 3, 5, 3, 3);
    INSERT INTO "Employees" ("Id", "Age", "Attrition", "BusinessTravel", "CreatedAt", "DepartmentId", "DistanceFromHome", "Education", "EducationField", "Email", "EmployeeCode", "EnvironmentSatisfaction", "FullName", "Gender", "IsActive", "IsDeleted", "JobRoleId", "JobSatisfaction", "ManagerId", "MaritalStatus", "PerformanceScore", "TotalWorkingYears", "UpdatedAt", "WorkLifeBalance", "YearsAtCompany", "YearsInCurrentRole", "YearsWithCurrManager")
    VALUES (12, 32, 'No', 'Non-Travel', TIMESTAMPTZ '2025-01-01T00:00:00Z', 3, 4, '4', 'Marketing', 'irem.aslan@demo.com', 'EMP012', 3, 'İrem Aslan', 'Female', TRUE, FALSE, 15, 4, 9, 'Single', 4.0999999999999996, 9, NULL, 4, 4, 2, 2);
    INSERT INTO "Employees" ("Id", "Age", "Attrition", "BusinessTravel", "CreatedAt", "DepartmentId", "DistanceFromHome", "Education", "EducationField", "Email", "EmployeeCode", "EnvironmentSatisfaction", "FullName", "Gender", "IsActive", "IsDeleted", "JobRoleId", "JobSatisfaction", "ManagerId", "MaritalStatus", "PerformanceScore", "TotalWorkingYears", "UpdatedAt", "WorkLifeBalance", "YearsAtCompany", "YearsInCurrentRole", "YearsWithCurrManager")
    VALUES (14, 33, 'No', 'Non-Travel', TIMESTAMPTZ '2025-01-01T00:00:00Z', 4, 5, '3', 'Accounting', 'lale.bulut@demo.com', 'EMP014', 3, 'Lale Bulut', 'Female', TRUE, FALSE, 16, 3, 13, 'Married', 3.7999999999999998, 10, NULL, 4, 6, 4, 4);
    INSERT INTO "Employees" ("Id", "Age", "Attrition", "BusinessTravel", "CreatedAt", "DepartmentId", "DistanceFromHome", "Education", "EducationField", "Email", "EmployeeCode", "EnvironmentSatisfaction", "FullName", "Gender", "IsActive", "IsDeleted", "JobRoleId", "JobSatisfaction", "ManagerId", "MaritalStatus", "PerformanceScore", "TotalWorkingYears", "UpdatedAt", "WorkLifeBalance", "YearsAtCompany", "YearsInCurrentRole", "YearsWithCurrManager")
    VALUES (15, 29, 'No', 'Travel_Rarely', TIMESTAMPTZ '2025-01-01T00:00:00Z', 4, 8, '3', 'Economics', 'murat.guler@demo.com', 'EMP015', 3, 'Murat Güler', 'Male', TRUE, FALSE, 17, 4, 13, 'Single', 4.0, 6, NULL, 3, 3, 2, 2);
    INSERT INTO "Employees" ("Id", "Age", "Attrition", "BusinessTravel", "CreatedAt", "DepartmentId", "DistanceFromHome", "Education", "EducationField", "Email", "EmployeeCode", "EnvironmentSatisfaction", "FullName", "Gender", "IsActive", "IsDeleted", "JobRoleId", "JobSatisfaction", "ManagerId", "MaritalStatus", "PerformanceScore", "TotalWorkingYears", "UpdatedAt", "WorkLifeBalance", "YearsAtCompany", "YearsInCurrentRole", "YearsWithCurrManager")
    VALUES (16, 36, 'No', 'Non-Travel', TIMESTAMPTZ '2025-01-01T00:00:00Z', 4, 13, '3', 'Business Administration', 'nalan.demir@demo.com', 'EMP016', 4, 'Nalan Demir', 'Female', TRUE, FALSE, 18, 3, 13, 'Married', 3.7000000000000002, 13, NULL, 3, 7, 5, 5);
    INSERT INTO "Employees" ("Id", "Age", "Attrition", "BusinessTravel", "CreatedAt", "DepartmentId", "DistanceFromHome", "Education", "EducationField", "Email", "EmployeeCode", "EnvironmentSatisfaction", "FullName", "Gender", "IsActive", "IsDeleted", "JobRoleId", "JobSatisfaction", "ManagerId", "MaritalStatus", "PerformanceScore", "TotalWorkingYears", "UpdatedAt", "WorkLifeBalance", "YearsAtCompany", "YearsInCurrentRole", "YearsWithCurrManager")
    VALUES (18, 28, 'No', 'Non-Travel', TIMESTAMPTZ '2025-01-01T00:00:00Z', 5, 3, '3', 'Business', 'pinar.tekin@demo.com', 'EMP018', 3, 'Pınar Tekin', 'Female', TRUE, FALSE, 20, 3, 17, 'Single', 3.6000000000000001, 5, NULL, 4, 3, 2, 2);
    INSERT INTO "Employees" ("Id", "Age", "Attrition", "BusinessTravel", "CreatedAt", "DepartmentId", "DistanceFromHome", "Education", "EducationField", "Email", "EmployeeCode", "EnvironmentSatisfaction", "FullName", "Gender", "IsActive", "IsDeleted", "JobRoleId", "JobSatisfaction", "ManagerId", "MaritalStatus", "PerformanceScore", "TotalWorkingYears", "UpdatedAt", "WorkLifeBalance", "YearsAtCompany", "YearsInCurrentRole", "YearsWithCurrManager")
    VALUES (19, 37, 'No', 'Travel_Rarely', TIMESTAMPTZ '2025-01-01T00:00:00Z', 5, 18, '3', 'Logistics', 'riza.mutlu@demo.com', 'EMP019', 3, 'Rıza Mutlu', 'Male', TRUE, FALSE, 21, 3, 17, 'Married', 3.8999999999999999, 14, NULL, 3, 5, 3, 3);
    INSERT INTO "Employees" ("Id", "Age", "Attrition", "BusinessTravel", "CreatedAt", "DepartmentId", "DistanceFromHome", "Education", "EducationField", "Email", "EmployeeCode", "EnvironmentSatisfaction", "FullName", "Gender", "IsActive", "IsDeleted", "JobRoleId", "JobSatisfaction", "ManagerId", "MaritalStatus", "PerformanceScore", "TotalWorkingYears", "UpdatedAt", "WorkLifeBalance", "YearsAtCompany", "YearsInCurrentRole", "YearsWithCurrManager")
    VALUES (20, 31, 'No', 'Non-Travel', TIMESTAMPTZ '2025-01-01T00:00:00Z', 5, 5, '3', 'Mechanical Engineering', 'selin.yilmaz@demo.com', 'EMP020', 4, 'Selin Yılmaz', 'Female', TRUE, FALSE, 22, 4, 17, 'Married', 4.0, 8, NULL, 3, 4, 3, 3);
    END IF;
END $EF$;

DO $EF$
BEGIN
    IF NOT EXISTS(SELECT 1 FROM "__EFMigrationsHistory" WHERE "MigrationId" = '20260611181247_UpdateDemoSeedData') THEN
    INSERT INTO "Users" ("Id", "CreatedAt", "Email", "EmployeeId", "FullName", "IsActive", "IsDeleted", "PasswordHash", "RoleId", "UpdatedAt")
    VALUES (7, TIMESTAMPTZ '2025-01-01T00:00:00Z', 'zeynep.arslan@demo.com', 5, 'Zeynep Arslan', TRUE, FALSE, '$2a$11$rwGBgkTsyrgRtFIBIb7AdeLz5n6ISGcK2Fd1CXBydDLDlJZUElnuC', 3, NULL);
    INSERT INTO "Users" ("Id", "CreatedAt", "Email", "EmployeeId", "FullName", "IsActive", "IsDeleted", "PasswordHash", "RoleId", "UpdatedAt")
    VALUES (11, TIMESTAMPTZ '2025-01-01T00:00:00Z', 'hakan.celik@demo.com', 9, 'Hakan Çelik', TRUE, FALSE, '$2a$11$rwGBgkTsyrgRtFIBIb7AdeLz5n6ISGcK2Fd1CXBydDLDlJZUElnuC', 3, NULL);
    INSERT INTO "Users" ("Id", "CreatedAt", "Email", "EmployeeId", "FullName", "IsActive", "IsDeleted", "PasswordHash", "RoleId", "UpdatedAt")
    VALUES (15, TIMESTAMPTZ '2025-01-01T00:00:00Z', 'kemal.sahin@demo.com', 13, 'Kemal Şahin', TRUE, FALSE, '$2a$11$rwGBgkTsyrgRtFIBIb7AdeLz5n6ISGcK2Fd1CXBydDLDlJZUElnuC', 3, NULL);
    INSERT INTO "Users" ("Id", "CreatedAt", "Email", "EmployeeId", "FullName", "IsActive", "IsDeleted", "PasswordHash", "RoleId", "UpdatedAt")
    VALUES (19, TIMESTAMPTZ '2025-01-01T00:00:00Z', 'orhan.yalcin@demo.com', 17, 'Orhan Yalçın', TRUE, FALSE, '$2a$11$rwGBgkTsyrgRtFIBIb7AdeLz5n6ISGcK2Fd1CXBydDLDlJZUElnuC', 3, NULL);
    INSERT INTO "Users" ("Id", "CreatedAt", "Email", "EmployeeId", "FullName", "IsActive", "IsDeleted", "PasswordHash", "RoleId", "UpdatedAt")
    VALUES (8, TIMESTAMPTZ '2025-01-01T00:00:00Z', 'emre.koc@demo.com', 6, 'Emre Koç', TRUE, FALSE, '$2a$11$rwGBgkTsyrgRtFIBIb7AdeLz5n6ISGcK2Fd1CXBydDLDlJZUElnuC', 4, NULL);
    INSERT INTO "Users" ("Id", "CreatedAt", "Email", "EmployeeId", "FullName", "IsActive", "IsDeleted", "PasswordHash", "RoleId", "UpdatedAt")
    VALUES (9, TIMESTAMPTZ '2025-01-01T00:00:00Z', 'elif.sen@demo.com', 7, 'Elif Şen', TRUE, FALSE, '$2a$11$rwGBgkTsyrgRtFIBIb7AdeLz5n6ISGcK2Fd1CXBydDLDlJZUElnuC', 4, NULL);
    INSERT INTO "Users" ("Id", "CreatedAt", "Email", "EmployeeId", "FullName", "IsActive", "IsDeleted", "PasswordHash", "RoleId", "UpdatedAt")
    VALUES (10, TIMESTAMPTZ '2025-01-01T00:00:00Z', 'fatih.kaya@demo.com', 8, 'Fatih Kaya', TRUE, FALSE, '$2a$11$rwGBgkTsyrgRtFIBIb7AdeLz5n6ISGcK2Fd1CXBydDLDlJZUElnuC', 4, NULL);
    INSERT INTO "Users" ("Id", "CreatedAt", "Email", "EmployeeId", "FullName", "IsActive", "IsDeleted", "PasswordHash", "RoleId", "UpdatedAt")
    VALUES (12, TIMESTAMPTZ '2025-01-01T00:00:00Z', 'gizem.ozturk@demo.com', 10, 'Gizem Öztürk', TRUE, FALSE, '$2a$11$rwGBgkTsyrgRtFIBIb7AdeLz5n6ISGcK2Fd1CXBydDLDlJZUElnuC', 4, NULL);
    INSERT INTO "Users" ("Id", "CreatedAt", "Email", "EmployeeId", "FullName", "IsActive", "IsDeleted", "PasswordHash", "RoleId", "UpdatedAt")
    VALUES (13, TIMESTAMPTZ '2025-01-01T00:00:00Z', 'hakan.yilmaz@demo.com', 11, 'Hakan Yılmaz', TRUE, FALSE, '$2a$11$rwGBgkTsyrgRtFIBIb7AdeLz5n6ISGcK2Fd1CXBydDLDlJZUElnuC', 4, NULL);
    INSERT INTO "Users" ("Id", "CreatedAt", "Email", "EmployeeId", "FullName", "IsActive", "IsDeleted", "PasswordHash", "RoleId", "UpdatedAt")
    VALUES (14, TIMESTAMPTZ '2025-01-01T00:00:00Z', 'irem.aslan@demo.com', 12, 'İrem Aslan', TRUE, FALSE, '$2a$11$rwGBgkTsyrgRtFIBIb7AdeLz5n6ISGcK2Fd1CXBydDLDlJZUElnuC', 4, NULL);
    INSERT INTO "Users" ("Id", "CreatedAt", "Email", "EmployeeId", "FullName", "IsActive", "IsDeleted", "PasswordHash", "RoleId", "UpdatedAt")
    VALUES (16, TIMESTAMPTZ '2025-01-01T00:00:00Z', 'lale.bulut@demo.com', 14, 'Lale Bulut', TRUE, FALSE, '$2a$11$rwGBgkTsyrgRtFIBIb7AdeLz5n6ISGcK2Fd1CXBydDLDlJZUElnuC', 4, NULL);
    INSERT INTO "Users" ("Id", "CreatedAt", "Email", "EmployeeId", "FullName", "IsActive", "IsDeleted", "PasswordHash", "RoleId", "UpdatedAt")
    VALUES (17, TIMESTAMPTZ '2025-01-01T00:00:00Z', 'murat.guler@demo.com', 15, 'Murat Güler', TRUE, FALSE, '$2a$11$rwGBgkTsyrgRtFIBIb7AdeLz5n6ISGcK2Fd1CXBydDLDlJZUElnuC', 4, NULL);
    INSERT INTO "Users" ("Id", "CreatedAt", "Email", "EmployeeId", "FullName", "IsActive", "IsDeleted", "PasswordHash", "RoleId", "UpdatedAt")
    VALUES (18, TIMESTAMPTZ '2025-01-01T00:00:00Z', 'nalan.demir@demo.com', 16, 'Nalan Demir', TRUE, FALSE, '$2a$11$rwGBgkTsyrgRtFIBIb7AdeLz5n6ISGcK2Fd1CXBydDLDlJZUElnuC', 4, NULL);
    INSERT INTO "Users" ("Id", "CreatedAt", "Email", "EmployeeId", "FullName", "IsActive", "IsDeleted", "PasswordHash", "RoleId", "UpdatedAt")
    VALUES (20, TIMESTAMPTZ '2025-01-01T00:00:00Z', 'pinar.tekin@demo.com', 18, 'Pınar Tekin', TRUE, FALSE, '$2a$11$rwGBgkTsyrgRtFIBIb7AdeLz5n6ISGcK2Fd1CXBydDLDlJZUElnuC', 4, NULL);
    INSERT INTO "Users" ("Id", "CreatedAt", "Email", "EmployeeId", "FullName", "IsActive", "IsDeleted", "PasswordHash", "RoleId", "UpdatedAt")
    VALUES (21, TIMESTAMPTZ '2025-01-01T00:00:00Z', 'riza.mutlu@demo.com', 19, 'Rıza Mutlu', TRUE, FALSE, '$2a$11$rwGBgkTsyrgRtFIBIb7AdeLz5n6ISGcK2Fd1CXBydDLDlJZUElnuC', 4, NULL);
    INSERT INTO "Users" ("Id", "CreatedAt", "Email", "EmployeeId", "FullName", "IsActive", "IsDeleted", "PasswordHash", "RoleId", "UpdatedAt")
    VALUES (22, TIMESTAMPTZ '2025-01-01T00:00:00Z', 'selin.yilmaz@demo.com', 20, 'Selin Yılmaz', TRUE, FALSE, '$2a$11$rwGBgkTsyrgRtFIBIb7AdeLz5n6ISGcK2Fd1CXBydDLDlJZUElnuC', 4, NULL);
    END IF;
END $EF$;

DO $EF$
BEGIN
    IF NOT EXISTS(SELECT 1 FROM "__EFMigrationsHistory" WHERE "MigrationId" = '20260611181247_UpdateDemoSeedData') THEN
    PERFORM setval(
        pg_get_serial_sequence('"JobRoles"', 'Id'),
        GREATEST(
            (SELECT MAX("Id") FROM "JobRoles") + 1,
            nextval(pg_get_serial_sequence('"JobRoles"', 'Id'))),
        false);
    PERFORM setval(
        pg_get_serial_sequence('"Users"', 'Id'),
        GREATEST(
            (SELECT MAX("Id") FROM "Users") + 1,
            nextval(pg_get_serial_sequence('"Users"', 'Id'))),
        false);
    PERFORM setval(
        pg_get_serial_sequence('"Employees"', 'Id'),
        GREATEST(
            (SELECT MAX("Id") FROM "Employees") + 1,
            nextval(pg_get_serial_sequence('"Employees"', 'Id'))),
        false);
    END IF;
END $EF$;

DO $EF$
BEGIN
    IF NOT EXISTS(SELECT 1 FROM "__EFMigrationsHistory" WHERE "MigrationId" = '20260611181247_UpdateDemoSeedData') THEN
    INSERT INTO "__EFMigrationsHistory" ("MigrationId", "ProductVersion")
    VALUES ('20260611181247_UpdateDemoSeedData', '10.0.4');
    END IF;
END $EF$;
COMMIT;

